code,name,group,pos,confederation,iso2,flag
MEX,Mexico,A,1,CONCACAF,MX,рџ‡Ірџ‡Ѕ
RSA,South Africa,A,2,CAF,ZA,рџ‡їрџ‡¦
KOR,South Korea,A,3,AFC,KR,рџ‡°рџ‡·
CZE,Czechia,A,4,UEFA,CZ,рџ‡Ёрџ‡ї
CAN,Canada,B,1,CONCACAF,CA,рџ‡Ёрџ‡¦
BIH,Bosnia and Herzegovina,B,2,UEFA,BA,рџ‡§рџ‡¦
QAT,Qatar,B,3,AFC,QA,рџ‡¶рџ‡¦
SUI,Switzerland,B,4,UEFA,CH,рџ‡Ёрџ‡­
BRA,Brazil,C,1,CONMEBOL,BR,рџ‡§рџ‡·
MAR,Morocco,C,2,CAF,MA,рџ‡Ірџ‡¦
HAI,Haiti,C,3,CONCACAF,HT,рџ‡­рџ‡№
SCO,Scotland,C,4,UEFA,GB-SCT,рџЏґу Ѓ§у Ѓўу Ѓіу ЃЈу Ѓґу Ѓї
USA,United States,D,1,CONCACAF,US,рџ‡єрџ‡ё
PAR,Paraguay,D,2,CONMEBOL,PY,рџ‡µрџ‡ѕ
AUS,Australia,D,3,AFC,AU,рџ‡¦рџ‡є
TUR,Turkey,D,4,UEFA,TR,рџ‡№рџ‡·
GER,Germany,E,1,UEFA,DE,рџ‡©рџ‡Є
CUW,CuraГ§ao,E,2,CONCACAF,CW,рџ‡Ёрџ‡ј
CIV,Ivory Coast,E,3,CAF,CI,рџ‡Ёрџ‡®
ECU,Ecuador,E,4,CONMEBOL,EC,рџ‡Єрџ‡Ё
NED,Netherlands,F,1,UEFA,NL,рџ‡ірџ‡±
JPN,Japan,F,2,AFC,JP,рџ‡Їрџ‡µ
SWE,Sweden,F,3,UEFA,SE,рџ‡ёрџ‡Є
TUN,Tunisia,F,4,CAF,TN,рџ‡№рџ‡і
BEL,Belgium,G,1,UEFA,BE,рџ‡§рџ‡Є
EGY,Egypt,G,2,CAF,EG,рџ‡Єрџ‡¬
IRN,Iran,G,3,AFC,IR,рџ‡®рџ‡·
NZL,New Zealand,G,4,OFC,NZ,рџ‡ірџ‡ї
ESP,Spain,H,1,UEFA,ES,рџ‡Єрџ‡ё
CPV,Cape Verde,H,2,CAF,CV,рџ‡Ёрџ‡»
KSA,Saudi Arabia,H,3,AFC,SA,рџ‡ёрџ‡¦
URU,Uruguay,H,4,CONMEBOL,UY,рџ‡єрџ‡ѕ
FRA,France,I,1,UEFA,FR,рџ‡«рџ‡·
SEN,Senegal,I,2,CAF,SN,рџ‡ёрџ‡і
IRQ,Iraq,I,3,AFC,IQ,рџ‡®рџ‡¶
NOR,Norway,I,4,UEFA,NO,рџ‡ірџ‡ґ
ARG,Argentina,J,1,CONMEBOL,AR,рџ‡¦рџ‡·
ALG,Algeria,J,2,CAF,DZ,рџ‡©рџ‡ї
AUT,Austria,J,3,UEFA,AT,рџ‡¦рџ‡№
JOR,Jordan,J,4,AFC,JO,рџ‡Їрџ‡ґ
POR,Portugal,K,1,UEFA,PT,рџ‡µрџ‡№
COD,DR Congo,K,2,CAF,CD,рџ‡Ёрџ‡©
UZB,Uzbekistan,K,3,AFC,UZ,рџ‡єрџ‡ї
COL,Colombia,K,4,CONMEBOL,CO,рџ‡Ёрџ‡ґ
ENG,England,L,1,UEFA,GB-ENG,рџЏґу Ѓ§у Ѓўу ЃҐу Ѓ®у Ѓ§у Ѓї
CRO,Croatia,L,2,UEFA,HR,рџ‡­рџ‡·
GHA,Ghana,L,3,CAF,GH,рџ‡¬рџ‡­
PAN,Panama,L,4,CONCACAF,PA,рџ‡µрџ‡¦
