year,host,stage,group,date,home,away,home_score,away_score,extra_time,pens_home,pens_away,venue,city,source
1930,Uruguay,group,1,1930-07-13,France,Mexico,4,1,,,,Estadio Pocitos,Montevideo,openfootball
1930,Uruguay,group,1,1930-07-15,Argentina,France,1,0,,,,Estadio Parque Central,Montevideo,openfootball
1930,Uruguay,group,1,1930-07-16,Chile,Mexico,3,0,,,,Estadio Parque Central,Montevideo,openfootball
1930,Uruguay,group,1,1930-07-19,Chile,France,1,0,,,,Estadio Centenario,Montevideo,openfootball
1930,Uruguay,group,1,1930-07-19,Argentina,Mexico,6,3,,,,Estadio Centenario,Montevideo,openfootball
1930,Uruguay,group,1,1930-07-22,Argentina,Chile,3,1,,,,Estadio Centenario,Montevideo,openfootball
1930,Uruguay,group,2,1930-07-14,Yugoslavia,Brazil,2,1,,,,Estadio Parque Central,Montevideo,openfootball
1930,Uruguay,group,2,1930-07-17,Yugoslavia,Bolivia,4,0,,,,Estadio Parque Central,Montevideo,openfootball
1930,Uruguay,group,2,1930-07-20,Brazil,Bolivia,4,0,,,,Estadio Centenario,Montevideo,openfootball
1930,Uruguay,group,3,1930-07-14,Romania,Peru,3,1,,,,Estadio Pocitos,Montevideo,openfootball
1930,Uruguay,group,3,1930-07-18,Uruguay,Peru,1,0,,,,Estadio Centenario,Montevideo,openfootball
1930,Uruguay,group,3,1930-07-21,Uruguay,Romania,4,0,,,,Estadio Centenario,Montevideo,openfootball
1930,Uruguay,group,4,1930-07-13,USA,Belgium,3,0,,,,Estadio Parque Central,Montevideo,openfootball
1930,Uruguay,group,4,1930-07-17,USA,Paraguay,3,0,,,,Estadio Parque Central,Montevideo,openfootball
1930,Uruguay,group,4,1930-07-20,Paraguay,Belgium,1,0,,,,Estadio Centenario,Montevideo,openfootball
1930,Uruguay,semi-final,,1930-07-26,Argentina,USA,6,1,,,,Estadio Centenario,Montevideo,openfootball
1930,Uruguay,semi-final,,1930-07-27,Uruguay,Yugoslavia,6,1,,,,Estadio Centenario,Montevideo,openfootball
1930,Uruguay,final,,1930-07-30,Uruguay,Argentina,4,2,,,,Estadio Centenario,Montevideo,openfootball
1934,Italy,round-of-16,,1934-05-27,Sweden,Argentina,3,2,,,,Stadio Littoriale,Bologna,openfootball
1934,Italy,round-of-16,,1934-05-27,Austria,France,3,2,Y,,,Stadio Benito Mussolini,Turin,openfootball
1934,Italy,round-of-16,,1934-05-27,Germany,Belgium,5,2,,,,Stadio Giovanni Berta,Florence,openfootball
1934,Italy,round-of-16,,1934-05-27,Spain,Brazil,3,1,,,,Stadio Luigi Ferraris,Genoa,openfootball
1934,Italy,round-of-16,,1934-05-27,Hungary,Egypt,4,2,,,,Stadio Giorgio Ascarelli,Naples,openfootball
1934,Italy,round-of-16,,1934-05-27,Switzerland,Netherlands,3,2,,,,Stadio San Siro,Milan,openfootball
1934,Italy,round-of-16,,1934-05-27,Italy,United States,7,1,,,,Stadio Nazionale PNF,Rome,openfootball
1934,Italy,round-of-16,,1934-05-27,Czechoslovakia,Romania,2,1,,,,Stadio Littorio,Trieste,openfootball
1934,Italy,quarter-final,,1934-05-31,Czechoslovakia,Switzerland,3,2,,,,Stadio Benito Mussolini,Turin,openfootball
1934,Italy,quarter-final,,1934-05-31,Germany,Sweden,2,1,,,,Stadio San Siro,Milan,openfootball
1934,Italy,quarter-final,,1934-05-31,Italy,Spain,1,1,Y,,,Stadio Giovanni Berta,Florence,openfootball
1934,Italy,quarter-final,,1934-05-31,Austria,Hungary,2,1,,,,Stadio Littoriale,Bologna,openfootball
1934,Italy,quarter-final,,1934-06-01,Italy,Spain,1,0,,,,Stadio Giovanni Berta,Florence,openfootball
1934,Italy,semi-final,,1934-06-03,Italy,Austria,1,0,,,,Stadio San Siro,Milan,openfootball
1934,Italy,semi-final,,1934-06-03,Czechoslovakia,Germany,3,1,,,,Stadio Nazionale PNF,Rome,openfootball
1934,Italy,third-place,,1934-06-07,Germany,Austria,3,2,,,,Stadio Giorgio Ascarelli,Naples,openfootball
1934,Italy,final,,1934-06-10,Italy,Czechoslovakia,2,1,Y,,,Stadio Nazionale PNF,Rome,openfootball
1938,France,round-of-16,,1938-06-04,Switzerland,Germany,1,1,Y,,,Parc des Princes,Paris,openfootball
1938,France,round-of-16,,1938-06-05,Hungary,Dutch East Indies,6,0,,,,Vélodrome Municipal,Reims,openfootball
1938,France,round-of-16,,1938-06-05,France,Belgium,3,1,,,,Stade Olympique de Colombes,Paris,openfootball
1938,France,round-of-16,,1938-06-05,Cuba,Romania,3,3,Y,,,Stade Chapou,Toulouse,openfootball
1938,France,round-of-16,,1938-06-05,Italy,Norway,2,1,Y,,,Stade Vélodrome,Marseille,openfootball
1938,France,round-of-16,,1938-06-05,Brazil,Poland,6,5,Y,,,Stade de la Meinau,Strasbourg,openfootball
1938,France,round-of-16,,1938-06-05,Czechoslovakia,Netherlands,3,0,Y,,,Stade municipal,Le Havre,openfootball
1938,France,round-of-16,,1938-06-09,Cuba,Romania,2,1,,,,Stade Chapou,Toulouse,openfootball
1938,France,round-of-16,,1938-06-09,Germany,Switzerland,2,4,,,,Parc des Princes,Paris,openfootball
1938,France,quarter-final,,1938-06-12,Brazil,Czechoslovakia,1,1,Y,,,Parc Lescure,Bordeaux,openfootball
1938,France,quarter-final,,1938-06-12,Switzerland,Hungary,0,2,,,,Stade Victor Boucquey,Lille,openfootball
1938,France,quarter-final,,1938-06-12,Sweden,Cuba,8,0,,,,Stade du Fort Carré,Antibes,openfootball
1938,France,quarter-final,,1938-06-12,France,Italy,1,3,,,,Stade Olympique de Colombes,Paris,openfootball
1938,France,quarter-final,,1938-06-14,Brazil,Czechoslovakia,2,1,,,,Parc Lescure,Bordeaux,openfootball
1938,France,semi-final,,1938-06-16,Hungary,Sweden,5,1,,,,Parc des Princes,Paris,openfootball
1938,France,semi-final,,1938-06-16,Italy,Brazil,2,1,,,,Stade Vélodrome,Marseille,openfootball
1938,France,third-place,,1938-06-19,Sweden,Brazil,2,4,,,,Parc Lescure,Bordeaux,openfootball
1938,France,final,,1938-06-19,Hungary,Italy,2,4,,,,Stade Olympique de Colombes,Paris,openfootball
1950,Brazil,group,1,1950-06-24,Brazil,Mexico,4,0,,,,Estádio do Maracanã,Rio de Janeiro,openfootball
1950,Brazil,group,1,1950-06-25,Yugoslavia,Switzerland,3,0,,,,Estádio Independência,Belo Horizonte,openfootball
1950,Brazil,group,1,1950-06-28,Brazil,Switzerland,2,2,,,,Estádio do Pacaembu,São Paulo,openfootball
1950,Brazil,group,1,1950-06-28,Yugoslavia,Mexico,4,1,,,,Estádio dos Eucaliptos,Porto Alegre,openfootball
1950,Brazil,group,1,1950-07-01,Brazil,Yugoslavia,2,0,,,,Estádio do Maracanã,Rio de Janeiro,openfootball
1950,Brazil,group,1,1950-07-02,Switzerland,Mexico,2,1,,,,Estádio dos Eucaliptos,Porto Alegre,openfootball
1950,Brazil,group,2,1950-06-25,England,Chile,2,0,,,,Estádio do Maracanã,Rio de Janeiro,openfootball
1950,Brazil,group,2,1950-06-25,Spain,United States,3,1,,,,Estádio Durival de Britto,Curitiba,openfootball
1950,Brazil,group,2,1950-06-29,Spain,Chile,2,0,,,,Estádio do Maracanã,Rio de Janeiro,openfootball
1950,Brazil,group,2,1950-06-29,United States,England,1,0,,,,Estádio Independência,Belo Horizonte,openfootball
1950,Brazil,group,2,1950-07-02,Spain,England,1,0,,,,Estádio do Maracanã,Rio de Janeiro,openfootball
1950,Brazil,group,2,1950-07-02,Chile,United States,5,2,,,,Estádio Ilha do Retiro,Recife,openfootball
1950,Brazil,group,3,1950-06-25,Sweden,Italy,3,2,,,,Estádio do Pacaembu,São Paulo,openfootball
1950,Brazil,group,3,1950-06-29,Sweden,Paraguay,2,2,,,,Estádio Durival Britto,Curitiba,openfootball
1950,Brazil,group,3,1950-07-02,Italy,Paraguay,2,0,,,,Estádio do Pacaembu,São Paulo,openfootball
1950,Brazil,group,4,1950-07-02,Uruguay,Bolivia,8,0,,,,Estádio Independência,Belo Horizonte,openfootball
1950,Brazil,final-round,,1950-07-09,Uruguay,Spain,2,2,,,,Estádio do Pacaembu,São Paulo,openfootball
1950,Brazil,final-round,,1950-07-09,Brazil,Sweden,7,1,,,,Estádio do Maracanã,Rio de Janeiro,openfootball
1950,Brazil,final-round,,1950-07-13,Brazil,Spain,6,1,,,,Estádio do Maracanã,Rio de Janeiro,openfootball
1950,Brazil,final-round,,1950-07-13,Uruguay,Sweden,3,2,,,,Estádio do Pacaembu,São Paulo,openfootball
1950,Brazil,final-round,,1950-07-16,Sweden,Spain,3,1,,,,Estádio do Pacaembu,São Paulo,openfootball
1950,Brazil,final-round,,1950-07-16,Uruguay,Brazil,2,1,,,,Estádio do Maracanã,Rio de Janeiro,openfootball
1954,Switzerland,group,1,1954-06-16,Brazil,Mexico,5,0,,,,Charmilles Stadium,Geneva,openfootball
1954,Switzerland,group,1,1954-06-16,Yugoslavia,France,1,0,,,,Stade Olympique de la Pontaise,Lausanne,openfootball
1954,Switzerland,group,1,1954-06-19,Brazil,Yugoslavia,1,1,Y,,,Stade Olympique de la Pontaise,Lausanne,openfootball
1954,Switzerland,group,1,1954-06-19,France,Mexico,3,2,,,,Charmilles Stadium,Geneva,openfootball
1954,Switzerland,group,2,1954-06-17,West Germany,Turkey,4,1,,,,Wankdorf Stadium,Bern,openfootball
1954,Switzerland,group,2,1954-06-17,Hungary,South Korea,9,0,,,,Hardturm Stadium,Zürich,openfootball
1954,Switzerland,group,2,1954-06-20,Hungary,West Germany,8,3,,,,St. Jakob Stadium,Basel,openfootball
1954,Switzerland,group,2,1954-06-20,Turkey,South Korea,7,0,,,,Charmilles Stadium,Geneva,openfootball
1954,Switzerland,group,2,1954-06-23,West Germany,Turkey,7,2,,,,Hardturm Stadium,Zürich,openfootball
1954,Switzerland,group,3,1954-06-16,Uruguay,Czechoslovakia,2,0,,,,Wankdorf Stadium,Bern,openfootball
1954,Switzerland,group,3,1954-06-16,Austria,Scotland,1,0,,,,Hardturm Stadium,Zürich,openfootball
1954,Switzerland,group,3,1954-06-19,Austria,Czechoslovakia,5,0,,,,Hardturm Stadium,Zürich,openfootball
1954,Switzerland,group,3,1954-06-19,Uruguay,Scotland,7,0,,,,St. Jakob Stadium,Basel,openfootball
1954,Switzerland,group,4,1954-06-17,England,Belgium,4,4,Y,,,St. Jakob Stadium,Basel,openfootball
1954,Switzerland,group,4,1954-06-17,Switzerland,Italy,2,1,,,,Stade Olympique de la Pontaise,Lausanne,openfootball
1954,Switzerland,group,4,1954-06-20,England,Switzerland,2,0,,,,Wankdorf Stadium,Bern,openfootball
1954,Switzerland,group,4,1954-06-20,Italy,Belgium,4,1,,,,Cornaredo Stadium,Lugano,openfootball
1954,Switzerland,group,4,1954-06-23,Switzerland,Italy,4,1,,,,St. Jakob Stadium,Basel,openfootball
1954,Switzerland,quarter-final,,1954-06-26,Austria,Switzerland,7,5,,,,Stade Olympique de la Pontaise,Lausanne,openfootball
1954,Switzerland,quarter-final,,1954-06-26,Uruguay,England,4,2,,,,St. Jakob Stadium,Basel,openfootball
1954,Switzerland,quarter-final,,1954-06-27,Yugoslavia,West Germany,0,2,,,,Charmilles Stadium,Geneva,openfootball
1954,Switzerland,quarter-final,,1954-06-27,Brazil,Hungary,2,4,,,,Wankdorf Stadium,Bern,openfootball
1954,Switzerland,semi-final,,1954-06-30,West Germany,Austria,6,1,,,,St. Jakob Stadium,Basel,openfootball
1954,Switzerland,semi-final,,1954-06-30,Hungary,Uruguay,4,2,Y,,,Stade Olympique de la Pontaise,Lausanne,openfootball
1954,Switzerland,third-place,,1954-07-03,Uruguay,Austria,1,3,,,,Hardturm Stadium,Zürich,openfootball
1954,Switzerland,final,,1954-07-04,Hungary,West Germany,2,3,,,,Wankdorf Stadium,Bern,openfootball
1958,Sweden,group,1,1958-06-08,West Germany,Argentina,3,1,,,,Malmö Stadion,Malmö,openfootball
1958,Sweden,group,1,1958-06-08,Northern Ireland,Czechoslovakia,1,0,,,,Örjans Vall,Halmstad,openfootball
1958,Sweden,group,1,1958-06-11,Argentina,Northern Ireland,3,1,,,,Örjans Vall,Halmstad,openfootball
1958,Sweden,group,1,1958-06-11,West Germany,Czechoslovakia,2,2,,,,Olympiastadion,Helsingborg,openfootball
1958,Sweden,group,1,1958-06-15,West Germany,Northern Ireland,2,2,,,,Malmö Stadion,Malmö,openfootball
1958,Sweden,group,1,1958-06-15,Czechoslovakia,Argentina,6,1,,,,Olympiastadion,Helsingborg,openfootball
1958,Sweden,group,1,1958-06-17,Northern Ireland,Czechoslovakia,2,1,Y,,,Malmö Stadion,Malmö,openfootball
1958,Sweden,group,2,1958-06-08,France,Paraguay,7,3,,,,Idrottsparken,Norrköping,openfootball
1958,Sweden,group,2,1958-06-08,Yugoslavia,Scotland,1,1,,,,Arosvallen,Västerås,openfootball
1958,Sweden,group,2,1958-06-11,Yugoslavia,France,3,2,,,,Arosvallen,Västerås,openfootball
1958,Sweden,group,2,1958-06-11,Paraguay,Scotland,3,2,,,,Idrottsparken,Norrköping,openfootball
1958,Sweden,group,2,1958-06-15,France,Scotland,2,1,,,,Eyravallen,Örebro,openfootball
1958,Sweden,group,2,1958-06-15,Paraguay,Yugoslavia,3,3,,,,Tunavallen,Eskilstuna,openfootball
1958,Sweden,group,3,1958-06-08,Sweden,Mexico,3,0,,,,Råsunda Stadium,Solna,openfootball
1958,Sweden,group,3,1958-06-08,Hungary,Wales,1,1,,,,Jernvallen,Sandviken,openfootball
1958,Sweden,group,3,1958-06-11,Mexico,Wales,1,1,,,,Råsunda Stadium,Solna,openfootball
1958,Sweden,group,3,1958-06-12,Sweden,Hungary,2,1,,,,Råsunda Stadium,Solna,openfootball
1958,Sweden,group,3,1958-06-15,Sweden,Wales,0,0,,,,Råsunda Stadium,Solna,openfootball
1958,Sweden,group,3,1958-06-15,Hungary,Mexico,4,0,,,,Jernvallen,Sandviken,openfootball
1958,Sweden,group,3,1958-06-17,Wales,Hungary,2,1,,,,Råsunda Stadium,Solna,openfootball
1958,Sweden,group,4,1958-06-08,Brazil,Austria,3,0,,,,Rimnersvallen,Uddevalla,openfootball
1958,Sweden,group,4,1958-06-08,Soviet Union,England,2,2,,,,Ullevi,Gothenburg,openfootball
1958,Sweden,group,4,1958-06-11,Brazil,England,0,0,,,,Ullevi,Gothenburg,openfootball
1958,Sweden,group,4,1958-06-11,Soviet Union,Austria,2,0,,,,Ryavallen,Borås,openfootball
1958,Sweden,group,4,1958-06-15,England,Austria,2,2,,,,Ryavallen,Borås,openfootball
1958,Sweden,group,4,1958-06-15,Brazil,Soviet Union,2,0,,,,Ullevi,Gothenburg,openfootball
1958,Sweden,group,4,1958-06-17,Soviet Union,England,1,0,,,,Ullevi,Gothenburg,openfootball
1958,Sweden,quarter-final,,1958-06-19,France,Northern Ireland,4,0,,,,Idrottsparken,Norrköping,openfootball
1958,Sweden,quarter-final,,1958-06-19,Sweden,Soviet Union,2,0,,,,Råsunda Stadium,Solna,openfootball
1958,Sweden,quarter-final,,1958-06-19,Brazil,Wales,1,0,,,,Ullevi,Gothenburg,openfootball
1958,Sweden,quarter-final,,1958-06-19,West Germany,Yugoslavia,1,0,,,,Malmö Stadion,Malmö,openfootball
1958,Sweden,semi-final,,1958-06-24,France,Brazil,2,5,,,,Råsunda Stadium,Solna,openfootball
1958,Sweden,semi-final,,1958-06-24,West Germany,Sweden,1,3,,,,Ullevi,Gothenburg,openfootball
1958,Sweden,third-place,,1958-06-28,West Germany,France,3,6,,,,Ullevi,Gothenburg,openfootball
1958,Sweden,final,,1958-06-29,Sweden,Brazil,2,5,,,,Råsunda Stadium,Solna,openfootball
1962,Chile,group,1,1962-05-30,Uruguay,Colombia,2,1,,,,Estadio Carlos Dittborn,Arica,openfootball
1962,Chile,group,1,1962-05-31,Soviet Union,Yugoslavia,2,0,,,,Estadio Carlos Dittborn,Arica,openfootball
1962,Chile,group,1,1962-06-02,Yugoslavia,Uruguay,3,1,,,,Estadio Carlos Dittborn,Arica,openfootball
1962,Chile,group,1,1962-06-03,Soviet Union,Colombia,4,4,,,,Estadio Carlos Dittborn,Arica,openfootball
1962,Chile,group,1,1962-06-06,Soviet Union,Uruguay,2,1,,,,Estadio Carlos Dittborn,Arica,openfootball
1962,Chile,group,1,1962-06-07,Yugoslavia,Colombia,5,0,,,,Estadio Carlos Dittborn,Arica,openfootball
1962,Chile,group,2,1962-05-30,Chile,Switzerland,3,1,,,,Estadio Nacional,Santiago,openfootball
1962,Chile,group,2,1962-05-31,West Germany,Italy,0,0,,,,Estadio Nacional,Santiago,openfootball
1962,Chile,group,2,1962-06-02,Chile,Italy,2,0,,,,Estadio Nacional,Santiago,openfootball
1962,Chile,group,2,1962-06-03,West Germany,Switzerland,2,1,,,,Estadio Nacional,Santiago,openfootball
1962,Chile,group,2,1962-06-06,West Germany,Chile,2,0,,,,Estadio Nacional,Santiago,openfootball
1962,Chile,group,2,1962-06-07,Italy,Switzerland,3,0,,,,Estadio Nacional,Santiago,openfootball
1962,Chile,group,3,1962-05-30,Brazil,Mexico,2,0,,,,Estadio Sausalito,Viña del Mar,openfootball
1962,Chile,group,3,1962-05-31,Czechoslovakia,Spain,1,0,,,,Estadio Sausalito,Viña del Mar,openfootball
1962,Chile,group,3,1962-06-02,Brazil,Czechoslovakia,0,0,,,,Estadio Sausalito,Viña del Mar,openfootball
1962,Chile,group,3,1962-06-03,Spain,Mexico,1,0,,,,Estadio Sausalito,Viña del Mar,openfootball
1962,Chile,group,3,1962-06-06,Brazil,Spain,2,1,,,,Estadio Sausalito,Viña del Mar,openfootball
1962,Chile,group,3,1962-06-07,Mexico,Czechoslovakia,3,1,,,,Estadio Sausalito,Viña del Mar,openfootball
1962,Chile,group,4,1962-05-30,Argentina,Bulgaria,1,0,,,,Estadio El Teniente,Rancagua,openfootball
1962,Chile,group,4,1962-05-31,Hungary,England,2,1,,,,Estadio El Teniente,Rancagua,openfootball
1962,Chile,group,4,1962-06-02,England,Argentina,3,1,,,,Estadio El Teniente,Rancagua,openfootball
1962,Chile,group,4,1962-06-03,Hungary,Bulgaria,6,1,,,,Estadio El Teniente,Rancagua,openfootball
1962,Chile,group,4,1962-06-06,Hungary,Argentina,0,0,,,,Estadio El Teniente,Rancagua,openfootball
1962,Chile,group,4,1962-06-07,England,Bulgaria,0,0,,,,Estadio El Teniente,Rancagua,openfootball
1962,Chile,quarter-final,,1962-06-10,Chile,Soviet Union,2,1,,,,Estadio Carlos Dittborn,Arica,openfootball
1962,Chile,quarter-final,,1962-06-10,Yugoslavia,West Germany,1,0,,,,Estadio Nacional,Santiago,openfootball
1962,Chile,quarter-final,,1962-06-10,Brazil,England,3,1,,,,Estadio Sausalito,Viña del Mar,openfootball
1962,Chile,quarter-final,,1962-06-10,Czechoslovakia,Hungary,1,0,,,,Estadio El Teniente,Rancagua,openfootball
1962,Chile,semi-final,,1962-06-13,Brazil,Chile,4,2,,,,Estadio Nacional,Santiago,openfootball
1962,Chile,semi-final,,1962-06-13,Czechoslovakia,Yugoslavia,3,1,,,,Estadio Sausalito,Viña del Mar,openfootball
1962,Chile,third-place,,1962-06-16,Chile,Yugoslavia,1,0,,,,Estadio Nacional,Santiago,openfootball
1962,Chile,final,,1962-06-17,Brazil,Czechoslovakia,3,1,,,,Estadio Nacional,Santiago,openfootball
1966,England,group,1,1966-07-11,England,Uruguay,0,0,,,,Wembley Stadium,London,openfootball
1966,England,group,1,1966-07-13,France,Mexico,1,1,,,,Wembley Stadium,London,openfootball
1966,England,group,1,1966-07-15,Uruguay,France,2,1,,,,White City Stadium,London,openfootball
1966,England,group,1,1966-07-16,England,Mexico,2,0,,,,Wembley Stadium,London,openfootball
1966,England,group,1,1966-07-19,Mexico,Uruguay,0,0,,,,Wembley Stadium,London,openfootball
1966,England,group,1,1966-07-20,England,France,2,0,,,,Wembley Stadium,London,openfootball
1966,England,group,2,1966-07-12,West Germany,Switzerland,5,0,,,,Hillsborough Stadium,Sheffield,openfootball
1966,England,group,2,1966-07-13,Argentina,Spain,2,1,,,,Villa Park,Birmingham,openfootball
1966,England,group,2,1966-07-15,Spain,Switzerland,2,1,,,,Hillsborough Stadium,Sheffield,openfootball
1966,England,group,2,1966-07-16,Argentina,West Germany,0,0,,,,Villa Park,Birmingham,openfootball
1966,England,group,2,1966-07-19,Argentina,Switzerland,2,0,,,,Hillsborough Stadium,Sheffield,openfootball
1966,England,group,2,1966-07-20,West Germany,Spain,2,1,,,,Villa Park,Birmingham,openfootball
1966,England,group,3,1966-07-12,Brazil,Bulgaria,2,0,,,,Goodison Park,Liverpool,openfootball
1966,England,group,3,1966-07-13,Portugal,Hungary,3,1,,,,Old Trafford,Manchester,openfootball
1966,England,group,3,1966-07-15,Hungary,Brazil,3,1,,,,Goodison Park,Liverpool,openfootball
1966,England,group,3,1966-07-16,Portugal,Bulgaria,3,0,,,,Old Trafford,Manchester,openfootball
1966,England,group,3,1966-07-19,Portugal,Brazil,3,1,,,,Goodison Park,Liverpool,openfootball
1966,England,group,3,1966-07-20,Hungary,Bulgaria,3,1,,,,Old Trafford,Manchester,openfootball
1966,England,group,4,1966-07-12,Soviet Union,North Korea,3,0,,,,Ayresome Park,Middlesbrough,openfootball
1966,England,group,4,1966-07-13,Italy,Chile,2,0,,,,Roker Park,Sunderland,openfootball
1966,England,group,4,1966-07-15,Chile,North Korea,1,1,,,,Ayresome Park,Middlesbrough,openfootball
1966,England,group,4,1966-07-16,Soviet Union,Italy,1,0,,,,Roker Park,Sunderland,openfootball
1966,England,group,4,1966-07-19,North Korea,Italy,1,0,,,,Ayresome Park,Middlesbrough,openfootball
1966,England,group,4,1966-07-20,Soviet Union,Chile,2,1,,,,Roker Park,Sunderland,openfootball
1966,England,quarter-final,,1966-07-23,England,Argentina,1,0,,,,Wembley Stadium,London,openfootball
1966,England,quarter-final,,1966-07-23,West Germany,Uruguay,4,0,,,,Hillsborough Stadium,Sheffield,openfootball
1966,England,quarter-final,,1966-07-23,Soviet Union,Hungary,2,1,,,,Roker Park,Sunderland,openfootball
1966,England,quarter-final,,1966-07-23,Portugal,North Korea,5,3,,,,Goodison Park,Liverpool,openfootball
1966,England,semi-final,,1966-07-25,West Germany,Soviet Union,2,1,,,,Goodison Park,Liverpool,openfootball
1966,England,semi-final,,1966-07-26,England,Portugal,2,1,,,,Wembley Stadium,London,openfootball
1966,England,third-place,,1966-07-28,Portugal,Soviet Union,2,1,,,,Wembley Stadium,London,openfootball
1966,England,final,,1966-07-30,England,West Germany,4,2,Y,,,Wembley Stadium,London,openfootball
1970,Mexico,group,1,1970-05-31,Mexico,Soviet Union,0,0,,,,Estadio Azteca,Mexico City,openfootball
1970,Mexico,group,1,1970-06-03,Belgium,El Salvador,3,0,,,,Estadio Azteca,Mexico City,openfootball
1970,Mexico,group,1,1970-06-06,Soviet Union,Belgium,4,1,,,,Estadio Azteca,Mexico City,openfootball
1970,Mexico,group,1,1970-06-07,Mexico,El Salvador,4,0,,,,Estadio Azteca,Mexico City,openfootball
1970,Mexico,group,1,1970-06-10,Soviet Union,El Salvador,2,0,,,,Estadio Azteca,Mexico City,openfootball
1970,Mexico,group,1,1970-06-11,Mexico,Belgium,1,0,,,,Estadio Azteca,Mexico City,openfootball
1970,Mexico,group,2,1970-06-02,Uruguay,Israel,2,0,,,,Estadio Cuauhtémoc,Puebla,openfootball
1970,Mexico,group,2,1970-06-03,Italy,Sweden,1,0,,,,Estadio Luis Dosal,Toluca,openfootball
1970,Mexico,group,2,1970-06-06,Uruguay,Italy,0,0,,,,Estadio Cuauhtémoc,Puebla,openfootball
1970,Mexico,group,2,1970-06-07,Sweden,Israel,1,1,,,,Estadio Luis Dosal,Toluca,openfootball
1970,Mexico,group,2,1970-06-10,Uruguay,Sweden,0,1,,,,Estadio Cuauhtémoc,Puebla,openfootball
1970,Mexico,group,2,1970-06-11,Israel,Italy,0,0,,,,Estadio Luis Dosal,Toluca,openfootball
1970,Mexico,group,3,1970-06-02,Romania,England,0,1,,,,Estadio Jalisco,Guadalajara,openfootball
1970,Mexico,group,3,1970-06-03,Czechoslovakia,Brazil,1,4,,,,Estadio Jalisco,Guadalajara,openfootball
1970,Mexico,group,3,1970-06-06,Romania,Czechoslovakia,2,1,,,,Estadio Jalisco,Guadalajara,openfootball
1970,Mexico,group,3,1970-06-07,England,Brazil,0,1,,,,Estadio Jalisco,Guadalajara,openfootball
1970,Mexico,group,3,1970-06-10,Romania,Brazil,2,3,,,,Estadio Jalisco,Guadalajara,openfootball
1970,Mexico,group,3,1970-06-11,England,Czechoslovakia,1,0,,,,Estadio Jalisco,Guadalajara,openfootball
1970,Mexico,group,4,1970-06-02,Peru,Bulgaria,3,2,,,,Estadio Nou Camp,León,openfootball
1970,Mexico,group,4,1970-06-03,Morocco,West Germany,1,2,,,,Estadio Nou Camp,León,openfootball
1970,Mexico,group,4,1970-06-06,Peru,Morocco,3,0,,,,Estadio Nou Camp,León,openfootball
1970,Mexico,group,4,1970-06-07,Bulgaria,West Germany,2,5,,,,Estadio Nou Camp,León,openfootball
1970,Mexico,group,4,1970-06-10,Peru,West Germany,1,3,,,,Estadio Nou Camp,León,openfootball
1970,Mexico,group,4,1970-06-11,Bulgaria,Morocco,1,1,,,,Estadio Nou Camp,León,openfootball
1970,Mexico,quarter-final,,1970-06-14,Soviet Union,Uruguay,0,1,Y,,,Estadio Azteca,Mexico City,openfootball
1970,Mexico,quarter-final,,1970-06-14,Italy,Mexico,4,1,,,,Estadio Luis Dosal,Toluca,openfootball
1970,Mexico,quarter-final,,1970-06-14,Brazil,Peru,4,2,,,,Estadio Jalisco,Guadalajara,openfootball
1970,Mexico,quarter-final,,1970-06-14,West Germany,England,3,2,Y,,,Estadio Nou Camp,León,openfootball
1970,Mexico,semi-final,,1970-06-17,Uruguay,Brazil,1,3,,,,Estadio Jalisco,Guadalajara,openfootball
1970,Mexico,semi-final,,1970-06-17,Italy,West Germany,4,3,Y,,,Estadio Azteca,Mexico City,openfootball
1970,Mexico,third-place,,1970-06-20,Uruguay,West Germany,0,1,,,,Estadio Azteca,Mexico City,openfootball
1970,Mexico,final,,1970-06-21,Brazil,Italy,4,1,,,,Estadio Azteca,Mexico City,openfootball
1974,West Germany,group,1,1974-06-14,West Germany,Chile,1,0,,,,Olympiastadion,West Berlin,openfootball
1974,West Germany,group,1,1974-06-14,East Germany,Australia,2,0,,,,Volksparkstadion,Hamburg,openfootball
1974,West Germany,group,1,1974-06-18,Chile,East Germany,1,1,,,,Olympiastadion,West Berlin,openfootball
1974,West Germany,group,1,1974-06-18,Australia,West Germany,0,3,,,,Volksparkstadion,Hamburg,openfootball
1974,West Germany,group,1,1974-06-22,Australia,Chile,0,0,,,,Olympiastadion,West Berlin,openfootball
1974,West Germany,group,1,1974-06-22,East Germany,West Germany,1,0,,,,Volksparkstadion,Hamburg,openfootball
1974,West Germany,group,2,1974-06-13,Brazil,Yugoslavia,0,0,,,,Waldstadion,Frankfurt,openfootball
1974,West Germany,group,2,1974-06-14,Zaire,Scotland,0,2,,,,Westfalenstadion,Dortmund,openfootball
1974,West Germany,group,2,1974-06-18,Yugoslavia,Zaire,9,0,,,,Parkstadion,Gelsenkirchen,openfootball
1974,West Germany,group,2,1974-06-18,Scotland,Brazil,0,0,,,,Waldstadion,Frankfurt,openfootball
1974,West Germany,group,2,1974-06-22,Scotland,Yugoslavia,1,1,,,,Waldstadion,Frankfurt,openfootball
1974,West Germany,group,2,1974-06-22,Zaire,Brazil,0,3,,,,Parkstadion,Gelsenkirchen,openfootball
1974,West Germany,group,3,1974-06-15,Uruguay,Netherlands,0,2,,,,Niedersachsenstadion,Hanover,openfootball
1974,West Germany,group,3,1974-06-15,Sweden,Bulgaria,0,0,,,,Rheinstadion,Düsseldorf,openfootball
1974,West Germany,group,3,1974-06-19,Netherlands,Sweden,0,0,,,,Westfalenstadion,Dortmund,openfootball
1974,West Germany,group,3,1974-06-19,Uruguay,Bulgaria,1,1,,,,Niedersachsenstadion,Hanover,openfootball
1974,West Germany,group,3,1974-06-23,Netherlands,Bulgaria,4,1,,,,Westfalenstadion,Dortmund,openfootball
1974,West Germany,group,3,1974-06-23,Sweden,Uruguay,3,0,,,,Rheinstadion,Düsseldorf,openfootball
1974,West Germany,group,4,1974-06-15,Italy,Haiti,3,1,,,,Olympiastadion,München,openfootball
1974,West Germany,group,4,1974-06-15,Poland,Argentina,3,2,,,,Neckarstadion,Stuttgart,openfootball
1974,West Germany,group,4,1974-06-19,Haiti,Poland,0,7,,,,Olympiastadion,München,openfootball
1974,West Germany,group,4,1974-06-19,Argentina,Italy,1,1,,,,Neckarstadion,Stuttgart,openfootball
1974,West Germany,group,4,1974-06-23,Argentina,Haiti,4,1,,,,Olympiastadion,München,openfootball
1974,West Germany,group,4,1974-06-23,Poland,Italy,2,1,,,,Neckarstadion,Stuttgart,openfootball
1974,West Germany,group-2,A,1974-06-26,Brazil,East Germany,1,0,,,,Niedersachsenstadion,Hanover,openfootball
1974,West Germany,group-2,A,1974-06-26,Netherlands,Argentina,4,0,,,,Parkstadion,Gelsenkirchen,openfootball
1974,West Germany,group-2,A,1974-06-30,East Germany,Netherlands,0,2,,,,Parkstadion,Gelsenkirchen,openfootball
1974,West Germany,group-2,A,1974-06-30,Argentina,Brazil,1,2,,,,Niedersachsenstadion,Hanover,openfootball
1974,West Germany,group-2,A,1974-07-03,Argentina,East Germany,1,1,,,,Parkstadion,Gelsenkirchen,openfootball
1974,West Germany,group-2,A,1974-07-03,Netherlands,Brazil,2,0,,,,Westfalenstadion,Dortmund,openfootball
1974,West Germany,group-2,B,1974-06-26,Yugoslavia,West Germany,0,2,,,,Rheinstadion,Düsseldorf,openfootball
1974,West Germany,group-2,B,1974-06-26,Sweden,Poland,0,1,,,,Neckarstadion,Stuttgart,openfootball
1974,West Germany,group-2,B,1974-06-30,West Germany,Sweden,4,2,,,,Rheinstadion,Düsseldorf,openfootball
1974,West Germany,group-2,B,1974-06-30,Poland,Yugoslavia,2,1,,,,Waldstadion,Frankfurt,openfootball
1974,West Germany,group-2,B,1974-07-03,Poland,West Germany,0,1,,,,Waldstadion,Frankfurt,openfootball
1974,West Germany,group-2,B,1974-07-03,Sweden,Yugoslavia,2,1,,,,Rheinstadion,Düsseldorf,openfootball
1974,West Germany,third-place,,1974-07-06,Brazil,Poland,0,1,,,,Olympiastadion,München,openfootball
1974,West Germany,final,,1974-07-07,Netherlands,West Germany,1,2,,,,Olympiastadion,München,openfootball
1978,Argentina,group,1,1978-06-02,Argentina,Hungary,2,1,,,,Estadio Monumental,Buenos Aires,openfootball
1978,Argentina,group,1,1978-06-02,Italy,France,2,1,,,,Estadio José María Minella,Mar del Plata,openfootball
1978,Argentina,group,1,1978-06-06,Argentina,France,2,1,,,,Estadio Monumental,Buenos Aires,openfootball
1978,Argentina,group,1,1978-06-06,Italy,Hungary,3,1,,,,Estadio José María Minella,Mar del Plata,openfootball
1978,Argentina,group,1,1978-06-10,Argentina,Italy,0,1,,,,Estadio Monumental,Buenos Aires,openfootball
1978,Argentina,group,1,1978-06-10,France,Hungary,3,1,,,,Estadio José María Minella,Mar del Plata,openfootball
1978,Argentina,group,2,1978-06-01,West Germany,Poland,0,0,,,,Estadio Monumental,Buenos Aires,openfootball
1978,Argentina,group,2,1978-06-02,Tunisia,Mexico,3,1,,,,Estadio Gigante de Arroyito,Rosario,openfootball
1978,Argentina,group,2,1978-06-06,Poland,Tunisia,1,0,,,,Estadio Gigante de Arroyito,Rosario,openfootball
1978,Argentina,group,2,1978-06-06,West Germany,Mexico,6,0,,,,Estadio Chateau Carreras,Córdoba,openfootball
1978,Argentina,group,2,1978-06-10,Poland,Mexico,3,1,,,,Estadio Gigante de Arroyito,Rosario,openfootball
1978,Argentina,group,2,1978-06-10,West Germany,Tunisia,0,0,,,,Estadio Olímpico Chateau Carreras,Córdoba,openfootball
1978,Argentina,group,3,1978-06-03,Austria,Spain,2,1,,,,Estadio José Amalfitani,Buenos Aires,openfootball
1978,Argentina,group,3,1978-06-03,Brazil,Sweden,1,1,,,,Estadio José Maria Minella,Mar del Plata,openfootball
1978,Argentina,group,3,1978-06-07,Austria,Sweden,1,0,,,,Estadio José Amalfitani,Buenos Aires,openfootball
1978,Argentina,group,3,1978-06-07,Brazil,Spain,0,0,,,,Estadio José Maria Minella,Mar del Plata,openfootball
1978,Argentina,group,3,1978-06-11,Spain,Sweden,1,0,,,,Estadio José Amalfitani,Buenos Aires,openfootball
1978,Argentina,group,3,1978-06-11,Brazil,Austria,1,0,,,,Estadio José Maria Minella,Mar del Plata,openfootball
1978,Argentina,group,4,1978-06-03,Peru,Scotland,3,1,,,,Estadio Chateau Carreras,Córdoba,openfootball
1978,Argentina,group,4,1978-06-03,Netherlands,Iran,3,0,,,,Estadio Ciudad de Mendoza,Mendoza,openfootball
1978,Argentina,group,4,1978-06-07,Scotland,Iran,1,1,,,,Estadio Chateau Carreras,Córdoba,openfootball
1978,Argentina,group,4,1978-06-07,Netherlands,Peru,0,0,,,,Estadio Ciudad de Mendoza,Mendoza,openfootball
1978,Argentina,group,4,1978-06-11,Peru,Iran,4,1,,,,Estadio Chateau Carreras,Córdoba,openfootball
1978,Argentina,group,4,1978-06-11,Scotland,Netherlands,3,2,,,,Estadio Ciudad de Mendoza,Mendoza,openfootball
1978,Argentina,group-2,A,1978-06-14,Italy,West Germany,0,0,,,,Estadio Monumental,Buenos Aires,openfootball
1978,Argentina,group-2,A,1978-06-14,Austria,Netherlands,1,5,,,,Estadio Chateau Carreras,Córdoba,openfootball
1978,Argentina,group-2,A,1978-06-18,Italy,Austria,1,0,,,,Estadio Monumental,Buenos Aires,openfootball
1978,Argentina,group-2,A,1978-06-18,Netherlands,West Germany,2,2,,,,Estadio Chateau Carreras,Córdoba,openfootball
1978,Argentina,group-2,A,1978-06-21,Italy,Netherlands,1,2,,,,Estadio Monumental,Buenos Aires,openfootball
1978,Argentina,group-2,A,1978-06-21,Austria,West Germany,3,2,,,,Estadio Chateau Carreras,Córdoba,openfootball
1978,Argentina,group-2,B,1978-06-14,Argentina,Poland,2,0,,,,Estadio Gigante de Arroyito,Rosario,openfootball
1978,Argentina,group-2,B,1978-06-14,Peru,Brazil,0,3,,,,Estadio Ciudad de Mendoza,Mendoza,openfootball
1978,Argentina,group-2,B,1978-06-18,Argentina,Brazil,0,0,,,,Estadio Gigante de Arroyito,Rosario,openfootball
1978,Argentina,group-2,B,1978-06-18,Peru,Poland,0,1,,,,Estadio Ciudad de Mendoza,Mendoza,openfootball
1978,Argentina,group-2,B,1978-06-21,Argentina,Peru,6,0,,,,Estadio Gigante de Arroyito,Rosario,openfootball
1978,Argentina,group-2,B,1978-06-21,Poland,Brazil,1,3,,,,Estadio Ciudad de Mendoza,Mendoza,openfootball
1978,Argentina,third-place,,1978-06-24,Brazil,Italy,2,1,,,,Estadio Monumental,Buenos Aires,openfootball
1978,Argentina,final,,1978-06-25,Netherlands,Argentina,1,3,Y,,,Estadio Monumental,Buenos Aires,openfootball
1982,Spain,group,1,1982-06-14,Italy,Poland,0,0,,,,Balaídos,Vigo,openfootball
1982,Spain,group,1,1982-06-15,Peru,Cameroon,0,0,,,,Estadio de Riazor,A Coruña,openfootball
1982,Spain,group,1,1982-06-18,Italy,Peru,1,1,,,,Balaídos,Vigo,openfootball
1982,Spain,group,1,1982-06-19,Poland,Cameroon,0,0,,,,Estadio de Riazor,A Coruña,openfootball
1982,Spain,group,1,1982-06-22,Poland,Peru,5,1,,,,Estadio de Riazor,A Coruña,openfootball
1982,Spain,group,1,1982-06-23,Italy,Cameroon,1,1,,,,Balaídos,Vigo,openfootball
1982,Spain,group,2,1982-06-16,West Germany,Algeria,1,2,,,,El Molinón,Gijón,openfootball
1982,Spain,group,2,1982-06-17,Chile,Austria,0,1,,,,Estadio Carlos Tartiere,Oviedo,openfootball
1982,Spain,group,2,1982-06-20,West Germany,Chile,4,1,,,,El Molinón,Gijón,openfootball
1982,Spain,group,2,1982-06-21,Algeria,Austria,0,2,,,,Estadio Carlos Tartiere,Oviedo,openfootball
1982,Spain,group,2,1982-06-24,Algeria,Chile,3,2,,,,Estadio Carlos Tartiere,Oviedo,openfootball
1982,Spain,group,2,1982-06-25,West Germany,Austria,1,0,,,,El Molinón,Gijón,openfootball
1982,Spain,group,3,1982-06-13,Argentina,Belgium,0,1,,,,Camp Nou,Barcelona,openfootball
1982,Spain,group,3,1982-06-15,Hungary,El Salvador,10,1,,,,Nuevo Estadio,Elche,openfootball
1982,Spain,group,3,1982-06-18,Argentina,Hungary,4,1,,,,Estadio José Rico Pérez,Alicante,openfootball
1982,Spain,group,3,1982-06-19,Belgium,El Salvador,1,0,,,,Nuevo Estadio,Elche,openfootball
1982,Spain,group,3,1982-06-22,Belgium,Hungary,1,1,,,,Nuevo Estadio,Elche,openfootball
1982,Spain,group,3,1982-06-23,Argentina,El Salvador,2,0,,,,Estadio José Rico Pérez,Alicante,openfootball
1982,Spain,group,4,1982-06-16,England,France,3,1,,,,Estadio San Mamés,Bilbao,openfootball
1982,Spain,group,4,1982-06-17,Czechoslovakia,Kuwait,1,1,,,,Estadio José Zorrilla,Valladolid,openfootball
1982,Spain,group,4,1982-06-20,England,Czechoslovakia,2,0,,,,Estadio San Mamés,Bilbao,openfootball
1982,Spain,group,4,1982-06-21,France,Kuwait,4,1,,,,Estadio José Zorrilla,Valladolid,openfootball
1982,Spain,group,4,1982-06-24,France,Czechoslovakia,1,1,,,,Estadio José Zorrilla,Valladolid,openfootball
1982,Spain,group,4,1982-06-25,England,Kuwait,1,0,,,,Estadio San Mamés,Bilbao,openfootball
1982,Spain,group,5,1982-06-16,Spain,Honduras,1,1,,,,Estadio Luis Casanova,Valencia,openfootball
1982,Spain,group,5,1982-06-17,Yugoslavia,Northern Ireland,0,0,,,,La Romareda,Zaragoza,openfootball
1982,Spain,group,5,1982-06-20,Spain,Yugoslavia,2,1,,,,Estadio Luis Casanova,Valencia,openfootball
1982,Spain,group,5,1982-06-21,Honduras,Northern Ireland,1,1,,,,La Romareda,Zaragoza,openfootball
1982,Spain,group,5,1982-06-24,Honduras,Yugoslavia,0,1,,,,La Romareda,Zaragoza,openfootball
1982,Spain,group,5,1982-06-25,Spain,Northern Ireland,0,1,,,,Estadio Luis Casanova,Valencia,openfootball
1982,Spain,group,6,1982-06-14,Brazil,Soviet Union,2,1,,,,Estadio Ramón Sánchez Pizjuán,Seville,openfootball
1982,Spain,group,6,1982-06-15,Scotland,New Zealand,5,2,,,,Estadio La Rosaleda,Málaga,openfootball
1982,Spain,group,6,1982-06-18,Brazil,Scotland,4,1,,,,Estadio Benito Villamarín,Seville,openfootball
1982,Spain,group,6,1982-06-19,Soviet Union,New Zealand,3,0,,,,Estadio La Rosaleda,Málaga,openfootball
1982,Spain,group,6,1982-06-22,Soviet Union,Scotland,2,2,,,,Estadio La Rosaleda,Málaga,openfootball
1982,Spain,group,6,1982-06-23,Brazil,New Zealand,4,0,,,,Estadio Benito Villamarín,Seville,openfootball
1982,Spain,group-2,A,1982-06-28,Poland,Belgium,3,0,,,,Camp Nou,Barcelona,openfootball
1982,Spain,group-2,A,1982-07-01,Belgium,Soviet Union,0,1,,,,Camp Nou,Barcelona,openfootball
1982,Spain,group-2,A,1982-07-04,Soviet Union,Poland,0,0,,,,Camp Nou,Barcelona,openfootball
1982,Spain,group-2,B,1982-06-29,West Germany,England,0,0,,,,Estadio Santiago Bernabéu,Madrid,openfootball
1982,Spain,group-2,B,1982-07-02,West Germany,Spain,2,1,,,,Estadio Santiago Bernabéu,Madrid,openfootball
1982,Spain,group-2,B,1982-07-05,Spain,England,0,0,,,,Estadio Santiago Bernabéu,Madrid,openfootball
1982,Spain,group-2,C,1982-06-29,Italy,Argentina,2,1,,,,Estadio Sarriá,Barcelona,openfootball
1982,Spain,group-2,C,1982-07-02,Argentina,Brazil,1,3,,,,Estadio Sarriá,Barcelona,openfootball
1982,Spain,group-2,C,1982-07-05,Italy,Brazil,3,2,,,,Estadio Sarriá,Barcelona,openfootball
1982,Spain,group-2,D,1982-06-28,Austria,France,0,1,,,,Estadio Vicente Calderón,Madrid,openfootball
1982,Spain,group-2,D,1982-07-01,Austria,Northern Ireland,2,2,,,,Estadio Vicente Calderón,Madrid,openfootball
1982,Spain,group-2,D,1982-07-04,Northern Ireland,France,1,4,,,,Estadio Vicente Calderón,Madrid,openfootball
1982,Spain,semi-final,,1982-07-08,Poland,Italy,0,2,,,,Camp Nou,Barcelona,openfootball
1982,Spain,semi-final,,1982-07-08,West Germany,France,3,3,Y,5,4,Estadio Ramón Sánchez Pizjuán,Seville,openfootball
1982,Spain,third-place,,1982-07-10,Poland,France,3,2,,,,Estadio José Rico Pérez,Alicante,openfootball
1982,Spain,final,,1982-07-11,Italy,West Germany,3,1,,,,Estadio Santiago Bernabéu,,openfootball
1986,Mexico,group,A,1986-05-31,Bulgaria,Italy,1,1,,,,Estadio Azteca,Mexico City,openfootball
1986,Mexico,group,A,1986-06-02,Argentina,South Korea,3,1,,,,Estadio Olímpico Universitario,Mexico City,openfootball
1986,Mexico,group,A,1986-06-05,Italy,Argentina,1,1,,,,Estadio Cuauhtémoc,Puebla,openfootball
1986,Mexico,group,A,1986-06-05,South Korea,Bulgaria,1,1,,,,Estadio Olímpico Universitario,Mexico City,openfootball
1986,Mexico,group,A,1986-06-10,South Korea,Italy,2,3,,,,Estadio Cuauhtémoc,Puebla,openfootball
1986,Mexico,group,A,1986-06-10,Argentina,Bulgaria,2,0,,,,Estadio Olímpico Universitario,Mexico City,openfootball
1986,Mexico,group,B,1986-06-03,Belgium,Mexico,1,2,,,,Estadio Azteca,Mexico City,openfootball
1986,Mexico,group,B,1986-06-04,Paraguay,Iraq,1,0,,,,Estadio Nemesio Díez,Toluca,openfootball
1986,Mexico,group,B,1986-06-07,Mexico,Paraguay,1,1,,,,Estadio Azteca,Mexico City,openfootball
1986,Mexico,group,B,1986-06-08,Iraq,Belgium,1,2,,,,Estadio Nemesio Díez,Toluca,openfootball
1986,Mexico,group,B,1986-06-11,Iraq,Mexico,0,1,,,,Estadio Azteca,Mexico City,openfootball
1986,Mexico,group,B,1986-06-11,Paraguay,Belgium,2,2,,,,Estadio Nemesio Díez,Toluca,openfootball
1986,Mexico,group,C,1986-06-01,Canada,France,0,1,,,,Estadio Nou Camp,León,openfootball
1986,Mexico,group,C,1986-06-02,Soviet Union,Hungary,6,0,,,,Estadio Sergio León Chavez,Irapuato,openfootball
1986,Mexico,group,C,1986-06-05,France,Soviet Union,1,1,,,,Estadio Nou Camp,León,openfootball
1986,Mexico,group,C,1986-06-06,Hungary,Canada,2,0,,,,Estadio Sergio León Chavez,Irapuato,openfootball
1986,Mexico,group,C,1986-06-09,Hungary,France,0,3,,,,Estadio Nou Camp,León,openfootball
1986,Mexico,group,C,1986-06-09,Soviet Union,Canada,2,0,,,,Estadio Sergio León Chavez,Irapuato,openfootball
1986,Mexico,group,D,1986-06-01,Spain,Brazil,0,1,,,,Estadio Jalisco,Guadalajara,openfootball
1986,Mexico,group,D,1986-06-03,Algeria,Northern Ireland,1,1,,,,Estadio Tres de Marzo,Guadalajara,openfootball
1986,Mexico,group,D,1986-06-06,Brazil,Algeria,1,0,,,,Estadio Jalisco,Guadalajara,openfootball
1986,Mexico,group,D,1986-06-07,Northern Ireland,Spain,1,2,,,,Estadio Tres de Marzo,Guadalajara,openfootball
1986,Mexico,group,D,1986-06-12,Northern Ireland,Brazil,0,3,,,,Estadio Jalisco,Guadalajara,openfootball
1986,Mexico,group,D,1986-06-12,Algeria,Spain,0,3,,,,Estadio Tecnológico,Monterrey,openfootball
1986,Mexico,group,E,1986-06-04,Uruguay,West Germany,1,1,,,,Estadio La Corregidora,Querétaro,openfootball
1986,Mexico,group,E,1986-06-04,Scotland,Denmark,0,1,,,,Estadio Neza 86,Nezahualcóyotl,openfootball
1986,Mexico,group,E,1986-06-08,West Germany,Scotland,2,1,,,,Estadio La Corregidora,Querétaro,openfootball
1986,Mexico,group,E,1986-06-08,Denmark,Uruguay,6,1,,,,Estadio Neza 86,Nezahualcóyotl,openfootball
1986,Mexico,group,E,1986-06-13,Denmark,West Germany,2,0,,,,Estadio La Corregidora,Querétaro,openfootball
1986,Mexico,group,E,1986-06-13,Scotland,Uruguay,0,0,,,,Estadio Neza 86,Nezahualcóyotl,openfootball
1986,Mexico,group,F,1986-06-02,Morocco,Poland,0,0,,,,Estadio Universitario,Monterrey,openfootball
1986,Mexico,group,F,1986-06-03,Portugal,England,1,0,,,,Estadio Tecnológico,Monterrey,openfootball
1986,Mexico,group,F,1986-06-06,England,Morocco,0,0,,,,Estadio Tecnológico,Monterrey,openfootball
1986,Mexico,group,F,1986-06-07,Poland,Portugal,1,0,,,,Estadio Universitario,Monterrey,openfootball
1986,Mexico,group,F,1986-06-11,Portugal,Morocco,1,3,,,,Estadio Tres de Marzo,Guadalajara,openfootball
1986,Mexico,group,F,1986-06-11,England,Poland,3,0,,,,Estadio Tecnológico,Monterrey,openfootball
1986,Mexico,round-of-16,,1986-06-15,Mexico,Bulgaria,2,0,,,,Estadio Azteca,Mexico City,openfootball
1986,Mexico,round-of-16,,1986-06-15,Soviet Union,Belgium,3,4,Y,,,Estadio Nou Camp,León,openfootball
1986,Mexico,round-of-16,,1986-06-16,Argentina,Uruguay,1,0,,,,Estadio Cuauhtémoc,Puebla,openfootball
1986,Mexico,round-of-16,,1986-06-16,Brazil,Poland,4,0,,,,Estadio Jalisco,Guadalajara,openfootball
1986,Mexico,round-of-16,,1986-06-17,Italy,France,0,2,,,,Estadio Olímpico Universitario,Mexico City,openfootball
1986,Mexico,round-of-16,,1986-06-17,Morocco,West Germany,0,1,,,,Estadio Universitario,Monterrey,openfootball
1986,Mexico,round-of-16,,1986-06-18,England,Paraguay,3,0,,,,Estadio Azteca,Mexico City,openfootball
1986,Mexico,round-of-16,,1986-06-18,Denmark,Spain,1,5,,,,Estadio La Corregidora,Querétaro,openfootball
1986,Mexico,quarter-final,,1986-06-21,Brazil,France,1,1,Y,3,4,Estadio Jalisco,Guadalajara,openfootball
1986,Mexico,quarter-final,,1986-06-21,West Germany,Mexico,0,0,Y,4,1,Estadio Universitario,Monterrey,openfootball
1986,Mexico,quarter-final,,1986-06-22,Spain,Belgium,1,1,Y,4,5,Estadio Cuauhtémoc,Puebla,openfootball
1986,Mexico,quarter-final,,1986-06-22,Argentina,England,2,1,,,,Estadio Azteca,Mexico City,openfootball
1986,Mexico,semi-final,,1986-06-25,Argentina,Belgium,2,0,,,,Estadio Azteca,Mexico City,openfootball
1986,Mexico,semi-final,,1986-06-25,France,West Germany,0,2,,,,Estadio Jalisco,Guadalajara,openfootball
1986,Mexico,third-place,,1986-06-28,France,Belgium,4,2,Y,,,Estadio Cuauhtémoc,Puebla,openfootball
1986,Mexico,final,,1986-06-29,Argentina,West Germany,3,2,,,,Estadio Azteca,Mexico City,openfootball
1990,Italy,group,A,1990-06-09,Italy,Austria,1,0,,,,Stadio Olimpico,Rome,openfootball
1990,Italy,group,A,1990-06-10,United States,Czechoslovakia,1,5,,,,Stadio Comunale,Florence,openfootball
1990,Italy,group,A,1990-06-14,Italy,United States,1,0,,,,Stadio Olimpico,Rome,openfootball
1990,Italy,group,A,1990-06-15,Austria,Czechoslovakia,0,1,,,,Stadio Comunale,Florence,openfootball
1990,Italy,group,A,1990-06-19,Italy,Czechoslovakia,2,0,,,,Stadio Olimpico,Rome,openfootball
1990,Italy,group,A,1990-06-19,Austria,United States,2,1,,,,Stadio Comunale,Florence,openfootball
1990,Italy,group,B,1990-06-08,Argentina,Cameroon,0,1,,,,San Siro,Milan,openfootball
1990,Italy,group,B,1990-06-09,Soviet Union,Romania,0,2,,,,Stadio San Nicola,Bari,openfootball
1990,Italy,group,B,1990-06-13,Argentina,Soviet Union,2,0,,,,Stadio San Paolo,Naples,openfootball
1990,Italy,group,B,1990-06-14,Cameroon,Romania,2,1,,,,Stadio San Nicola,Bari,openfootball
1990,Italy,group,B,1990-06-18,Argentina,Romania,1,1,,,,Stadio San Paolo,Naples,openfootball
1990,Italy,group,B,1990-06-18,Cameroon,Soviet Union,0,4,,,,Stadio San Nicola,Bari,openfootball
1990,Italy,group,C,1990-06-10,Brazil,Sweden,2,1,,,,Stadio Delle Alpi,Turin,openfootball
1990,Italy,group,C,1990-06-11,Costa Rica,Scotland,1,0,,,,Stadio Luigi Ferraris,Genoa,openfootball
1990,Italy,group,C,1990-06-16,Brazil,Costa Rica,1,0,,,,Stadio Delle Alpi,Turin,openfootball
1990,Italy,group,C,1990-06-16,Sweden,Scotland,1,2,,,,Stadio Luigi Ferraris,Genoa,openfootball
1990,Italy,group,C,1990-06-20,Brazil,Scotland,1,0,,,,Stadio Delle Alpi,Turin,openfootball
1990,Italy,group,C,1990-06-20,Sweden,Costa Rica,1,2,,,,Stadio Luigi Ferraris,Genoa,openfootball
1990,Italy,group,D,1990-06-09,United Arab Emirates,Colombia,0,2,,,,Stadio Renato Dall'Ara,Bologna,openfootball
1990,Italy,group,D,1990-06-10,West Germany,Yugoslavia,4,1,,,,San Siro,Milan,openfootball
1990,Italy,group,D,1990-06-14,Yugoslavia,Colombia,1,0,,,,Stadio Renato Dall'Ara,Bologna,openfootball
1990,Italy,group,D,1990-06-15,West Germany,United Arab Emirates,5,1,,,,San Siro,Milan,openfootball
1990,Italy,group,D,1990-06-19,West Germany,Colombia,1,1,,,,San Siro,Milan,openfootball
1990,Italy,group,D,1990-06-19,Yugoslavia,United Arab Emirates,4,1,,,,Stadio Renato Dall'Ara,Bologna,openfootball
1990,Italy,group,E,1990-06-12,Belgium,South Korea,2,0,,,,Stadio Marc'Antonio Bentegodi,Verona,openfootball
1990,Italy,group,E,1990-06-13,Uruguay,Spain,0,0,,,,Stadio Friuli,Udine,openfootball
1990,Italy,group,E,1990-06-17,Belgium,Uruguay,3,1,,,,Stadio Marc'Antonio Bentegodi,Verona,openfootball
1990,Italy,group,E,1990-06-17,South Korea,Spain,1,3,,,,Stadio Friuli,Udine,openfootball
1990,Italy,group,E,1990-06-21,Belgium,Spain,1,2,,,,Stadio Marc'Antonio Bentegodi,Verona,openfootball
1990,Italy,group,E,1990-06-21,South Korea,Uruguay,0,1,,,,Stadio Friuli,Udine,openfootball
1990,Italy,group,F,1990-06-11,England,Ireland,1,1,,,,Stadio Sant'Elia,Cagliari,openfootball
1990,Italy,group,F,1990-06-12,Netherlands,Egypt,1,1,,,,Stadio La Favorita,Palermo,openfootball
1990,Italy,group,F,1990-06-16,England,Netherlands,0,0,,,,Stadio Sant'Elia,Cagliari,openfootball
1990,Italy,group,F,1990-06-17,Ireland,Egypt,0,0,,,,Stadio La Favorita,Palermo,openfootball
1990,Italy,group,F,1990-06-21,England,Egypt,1,0,,,,Stadio Sant'Elia,Cagliari,openfootball
1990,Italy,group,F,1990-06-21,Ireland,Netherlands,1,1,,,,Stadio La Favorita,Palermo,openfootball
1990,Italy,round-of-16,,1990-06-23,Cameroon,Colombia,2,1,Y,,,Stadio San Paolo,Naples,openfootball
1990,Italy,round-of-16,,1990-06-23,Czechoslovakia,Costa Rica,4,1,,,,Stadio San Nicola,Bari,openfootball
1990,Italy,round-of-16,,1990-06-24,Brazil,Argentina,0,1,,,,Stadio Delle Alpi,Turin,openfootball
1990,Italy,round-of-16,,1990-06-24,West Germany,Netherlands,2,1,,,,San Siro,Milan,openfootball
1990,Italy,round-of-16,,1990-06-25,Ireland,Romania,0,0,Y,5,4,Stadio Luigi Ferraris,Genoa,openfootball
1990,Italy,round-of-16,,1990-06-25,Italy,Uruguay,2,0,,,,Stadio Olimpico,Rome,openfootball
1990,Italy,round-of-16,,1990-06-26,Spain,Yugoslavia,1,2,Y,,,Stadio Marc'Antonio Bentegodi,Verona,openfootball
1990,Italy,round-of-16,,1990-06-26,England,Belgium,1,0,Y,,,Stadio Renato Dall'Ara,Bologna,openfootball
1990,Italy,quarter-final,,1990-06-30,Yugoslavia,Argentina,0,0,Y,2,3,Stadio Artemio Franchi,Florence,openfootball
1990,Italy,quarter-final,,1990-06-30,Italy,Ireland,1,0,,,,Stadio Olimpico,Rome,openfootball
1990,Italy,quarter-final,,1990-07-01,West Germany,Czechoslovakia,1,0,,,,San Siro,Milan,openfootball
1990,Italy,quarter-final,,1990-07-01,England,Cameroon,3,2,Y,,,Stadio San Paolo,Naples,openfootball
1990,Italy,semi-final,,1990-07-03,Italy,Argentina,1,1,Y,3,4,Stadio San Paolo,Naples,openfootball
1990,Italy,semi-final,,1990-07-04,West Germany,England,1,1,Y,4,3,Stadio delle Alpi,Turin,openfootball
1990,Italy,third-place,,1990-07-07,Italy,England,2,1,,,,Stadio San Nicola,Bari,openfootball
1990,Italy,final,,1990-07-08,West Germany,Argentina,1,0,,,,Stadio Olimpico,Rome,openfootball
1994,USA,group,A,1994-06-18,USA,Switzerland,1,1,,,,Pontiac Silverdome,Pontiac,openfootball
1994,USA,group,A,1994-06-18,Colombia,Romania,1,3,,,,Rose Bowl,Pasadena,openfootball
1994,USA,group,A,1994-06-22,Romania,Switzerland,1,4,,,,Pontiac Silverdome,Pontiac,openfootball
1994,USA,group,A,1994-06-22,USA,Colombia,2,1,,,,Rose Bowl,Pasadena,openfootball
1994,USA,group,A,1994-06-26,USA,Romania,0,1,,,,Rose Bowl,Pasadena,openfootball
1994,USA,group,A,1994-06-26,Switzerland,Colombia,0,2,,,,Stanford Stadium,Stanford,openfootball
1994,USA,group,B,1994-06-19,Cameroon,Sweden,2,2,,,,Rose Bowl,Pasadena,openfootball
1994,USA,group,B,1994-06-20,Brazil,Russia,2,0,,,,Stanford Stadium,Stanford,openfootball
1994,USA,group,B,1994-06-24,Brazil,Cameroon,3,0,,,,Stanford Stadium,Stanford,openfootball
1994,USA,group,B,1994-06-24,Sweden,Russia,3,1,,,,Pontiac Silverdome,Pontiac,openfootball
1994,USA,group,B,1994-06-28,Russia,Cameroon,6,1,,,,Stanford Stadium,Stanford,openfootball
1994,USA,group,B,1994-06-28,Brazil,Sweden,1,1,,,,Pontiac Silverdome,Pontiac,openfootball
1994,USA,group,C,1994-06-17,Germany,Bolivia,1,0,,,,Soldier Field,Chicago,openfootball
1994,USA,group,C,1994-06-17,Spain,South Korea,2,2,,,,Cotton Bowl,Dallas,openfootball
1994,USA,group,C,1994-06-21,Germany,Spain,1,1,,,,Soldier Field,Chicago,openfootball
1994,USA,group,C,1994-06-23,South Korea,Bolivia,0,0,,,,Foxboro Stadium,Foxborough,openfootball
1994,USA,group,C,1994-06-27,Bolivia,Spain,1,3,,,,Soldier Field,Chicago,openfootball
1994,USA,group,C,1994-06-27,Germany,South Korea,3,2,,,,Cotton Bowl,Dallas,openfootball
1994,USA,group,D,1994-06-21,Argentina,Greece,4,0,,,,Foxboro Stadium,Foxborough,openfootball
1994,USA,group,D,1994-06-21,Nigeria,Bulgaria,3,0,,,,Cotton Bowl,Dallas,openfootball
1994,USA,group,D,1994-06-25,Argentina,Nigeria,2,1,,,,Foxboro Stadium,Foxborough,openfootball
1994,USA,group,D,1994-06-26,Greece,Bulgaria,0,4,,,,Soldier Field,Chicago,openfootball
1994,USA,group,D,1994-06-30,Greece,Nigeria,0,2,,,,Foxboro Stadium,Foxborough,openfootball
1994,USA,group,D,1994-06-30,Argentina,Bulgaria,0,2,,,,Cotton Bowl,Dallas,openfootball
1994,USA,group,E,1994-06-18,Italy,Ireland,0,1,,,,Giants Stadium,East Rutherford,openfootball
1994,USA,group,E,1994-06-19,Norway,Mexico,1,0,,,,RFK Stadium,Washington,openfootball
1994,USA,group,E,1994-06-23,Italy,Norway,1,0,,,,Giants Stadium,East Rutherford,openfootball
1994,USA,group,E,1994-06-24,Mexico,Ireland,2,1,,,,Citrus Bowl,Orlando,openfootball
1994,USA,group,E,1994-06-28,Ireland,Norway,0,0,,,,Giants Stadium,East Rutherford,openfootball
1994,USA,group,E,1994-06-28,Italy,Mexico,1,1,,,,RFK Stadium,Washington,openfootball
1994,USA,group,F,1994-06-19,Belgium,Morocco,1,0,,,,Citrus Bowl,Orlando,openfootball
1994,USA,group,F,1994-06-20,Netherlands,Saudi Arabia,2,1,,,,RFK Stadium,Washington,openfootball
1994,USA,group,F,1994-06-25,Belgium,Netherlands,1,0,,,,Citrus Bowl,Orlando,openfootball
1994,USA,group,F,1994-06-25,Saudi Arabia,Morocco,2,1,,,,Giants Stadium,East Rutherford,openfootball
1994,USA,group,F,1994-06-29,Morocco,Netherlands,1,2,,,,Citrus Bowl,Orlando,openfootball
1994,USA,group,F,1994-06-29,Belgium,Saudi Arabia,0,1,,,,RFK Stadium,Washington,openfootball
1994,USA,round-of-16,,1994-07-02,Germany,Belgium,3,2,,,,Soldier Field,Chicago,openfootball
1994,USA,round-of-16,,1994-07-02,Spain,Switzerland,3,0,,,,RFK Stadium,Washington,openfootball
1994,USA,round-of-16,,1994-07-03,Saudi Arabia,Sweden,1,3,,,,Cotton Bowl,Dallas,openfootball
1994,USA,round-of-16,,1994-07-03,Romania,Argentina,3,2,,,,Rose Bowl,Pasadena,openfootball
1994,USA,round-of-16,,1994-07-04,Netherlands,Ireland,2,0,,,,Citrus Bowl,Orlando,openfootball
1994,USA,round-of-16,,1994-07-04,Brazil,USA,1,0,,,,Stanford Stadium,Stanford,openfootball
1994,USA,round-of-16,,1994-07-05,Nigeria,Italy,1,2,Y,,,Foxboro Stadium,Foxborough,openfootball
1994,USA,round-of-16,,1994-07-05,Mexico,Bulgaria,1,1,Y,1,3,Giants Stadium,East Rutherford,openfootball
1994,USA,quarter-final,,1994-07-09,Italy,Spain,2,1,,,,Foxboro Stadium,Foxborough,openfootball
1994,USA,quarter-final,,1994-07-09,Netherlands,Brazil,2,3,,,,Cotton Bowl,Dallas,openfootball
1994,USA,quarter-final,,1994-07-10,Bulgaria,Germany,2,1,,,,Giants Stadium,East Rutherford,openfootball
1994,USA,quarter-final,,1994-07-10,Romania,Sweden,2,2,Y,4,5,Stanford Stadium,Stanford,openfootball
1994,USA,semi-final,,1994-07-13,Bulgaria,Italy,1,2,,,,Giants Stadium,East Rutherford,openfootball
1994,USA,semi-final,,1994-07-13,Sweden,Brazil,0,1,,,,Rose Bowl,Pasadena,openfootball
1994,USA,third-place,,1994-07-16,Sweden,Bulgaria,4,0,,,,Rose Bowl,Pasadena,openfootball
1994,USA,final,,1994-07-17,Brazil,Italy,0,0,Y,3,2,Rose Bowl,Pasadena,openfootball
1998,France,group,A,1998-06-10,Brazil,Scotland,2,1,,,,Stade de France,Saint-Denis,openfootball
1998,France,group,A,1998-06-10,Morocco,Norway,2,2,,,,Stade de la Mosson,Montpellier,openfootball
1998,France,group,A,1998-06-16,Scotland,Norway,1,1,,,,Parc Lescure,Bordeaux,openfootball
1998,France,group,A,1998-06-16,Brazil,Morocco,3,0,,,,Stade de la Beaujoire,Nantes,openfootball
1998,France,group,A,1998-06-23,Scotland,Morocco,0,3,,,,Stade Geoffroy-Guichard,Saint-Étienne,openfootball
1998,France,group,A,1998-06-23,Brazil,Norway,1,2,,,,Stade Vélodrome,Marseille,openfootball
1998,France,group,B,1998-06-11,Cameroon,Austria,1,1,,,,Stade de Toulouse,Toulouse,openfootball
1998,France,group,B,1998-06-11,Italy,Chile,2,2,,,,Parc Lescure,Bordeaux,openfootball
1998,France,group,B,1998-06-17,Chile,Austria,1,1,,,,Stade Geoffroy-Guichard,Saint-Étienne,openfootball
1998,France,group,B,1998-06-17,Italy,Cameroon,3,0,,,,Stade de la Mosson,Montpellier,openfootball
1998,France,group,B,1998-06-23,Italy,Austria,2,1,,,,Stade de France,Saint-Denis,openfootball
1998,France,group,B,1998-06-23,Chile,Cameroon,1,1,,,,Stade de la Beaujoire,Nantes,openfootball
1998,France,group,C,1998-06-12,Saudi Arabia,Denmark,0,1,,,,Stade Félix Bollaert,Lens,openfootball
1998,France,group,C,1998-06-12,France,South Africa,3,0,,,,Stade Vélodrome,Marseille,openfootball
1998,France,group,C,1998-06-18,France,Saudi Arabia,4,0,,,,Stade de France,Saint-Denis,openfootball
1998,France,group,C,1998-06-18,South Africa,Denmark,1,1,,,,Stade de Toulouse,Toulouse,openfootball
1998,France,group,C,1998-06-24,France,Denmark,2,1,,,,Stade Gerland,Lyon,openfootball
1998,France,group,C,1998-06-24,South Africa,Saudi Arabia,2,2,,,,Parc Lescure,Bordeaux,openfootball
1998,France,group,D,1998-06-12,Paraguay,Bulgaria,0,0,,,,Stade de la Mosson,Montpellier,openfootball
1998,France,group,D,1998-06-13,Spain,Nigeria,2,3,,,,Stade de la Beaujoire,Nantes,openfootball
1998,France,group,D,1998-06-19,Nigeria,Bulgaria,1,0,,,,Parc des Princes,Paris,openfootball
1998,France,group,D,1998-06-19,Spain,Paraguay,0,0,,,,Stade Geoffroy-Guichard,Saint-Étienne,openfootball
1998,France,group,D,1998-06-24,Spain,Bulgaria,6,1,,,,Stade Félix Bollaert,Lens,openfootball
1998,France,group,D,1998-06-24,Nigeria,Paraguay,1,3,,,,Stade de Toulouse,Toulouse,openfootball
1998,France,group,E,1998-06-13,Netherlands,Belgium,0,0,,,,Stade de France,Saint-Denis,openfootball
1998,France,group,E,1998-06-13,South Korea,Mexico,1,3,,,,Stade Gerland,Lyon,openfootball
1998,France,group,E,1998-06-20,Netherlands,South Korea,5,0,,,,Stade Vélodrome,Marseille,openfootball
1998,France,group,E,1998-06-20,Belgium,Mexico,2,2,,,,Parc Lescure,Bordeaux,openfootball
1998,France,group,E,1998-06-25,Belgium,South Korea,1,1,,,,Parc des Princes,Paris,openfootball
1998,France,group,E,1998-06-25,Netherlands,Mexico,2,2,,,,Stade Geoffroy-Guichard,Saint-Étienne,openfootball
1998,France,group,F,1998-06-14,Yugoslavia,Iran,1,0,,,,Stade Geoffroy-Guichard,Saint-Étienne,openfootball
1998,France,group,F,1998-06-15,Germany,USA,2,0,,,,Parc des Princes,Paris,openfootball
1998,France,group,F,1998-06-21,Germany,Yugoslavia,2,2,,,,Stade Félix Bollaert,Lens,openfootball
1998,France,group,F,1998-06-21,USA,Iran,1,2,,,,Stade Gerland,Lyon,openfootball
1998,France,group,F,1998-06-25,Germany,Iran,2,0,,,,Stade de la Mosson,Montpellier,openfootball
1998,France,group,F,1998-06-25,USA,Yugoslavia,0,1,,,,Stade de la Beaujoire,Nantes,openfootball
1998,France,group,G,1998-06-15,Romania,Colombia,1,0,,,,Stade Gerland,Lyon,openfootball
1998,France,group,G,1998-06-15,England,Tunisia,2,0,,,,Stade Vélodrome,Marseille,openfootball
1998,France,group,G,1998-06-22,Colombia,Tunisia,1,0,,,,Stade de la Mosson,Montpellier,openfootball
1998,France,group,G,1998-06-22,Romania,England,2,1,,,,Stade de Toulouse,Toulouse,openfootball
1998,France,group,G,1998-06-26,Romania,Tunisia,1,1,,,,Stade de France,Saint-Denis,openfootball
1998,France,group,G,1998-06-26,Colombia,England,0,2,,,,Stade Félix Bollaert,Lens,openfootball
1998,France,group,H,1998-06-14,Jamaica,Croatia,1,3,,,,Stade Félix Bollaert,Lens,openfootball
1998,France,group,H,1998-06-14,Argentina,Japan,1,0,,,,Stade de Toulouse,Toulouse,openfootball
1998,France,group,H,1998-06-20,Japan,Croatia,0,1,,,,Stade de la Beaujoire,Nantes,openfootball
1998,France,group,H,1998-06-21,Argentina,Jamaica,5,0,,,,Parc des Princes,Paris,openfootball
1998,France,group,H,1998-06-26,Japan,Jamaica,1,2,,,,Stade Gerland,Lyon,openfootball
1998,France,group,H,1998-06-26,Argentina,Croatia,1,0,,,,Parc Lescure,Bordeaux,openfootball
1998,France,round-of-16,,1998-06-27,Brazil,Chile,4,1,,,,Parc des Princes,Paris,openfootball
1998,France,round-of-16,,1998-06-27,Italy,Norway,1,0,,,,Stade Vélodrome,Marseille,openfootball
1998,France,round-of-16,,1998-06-28,Nigeria,Denmark,1,4,,,,Stade de France,Saint-Denis,openfootball
1998,France,round-of-16,,1998-06-28,France,Paraguay,1,0,Y,,,Stade Félix Bollaert,Lens,openfootball
1998,France,round-of-16,,1998-06-29,Germany,Mexico,2,1,,,,Stade de la Mosson,Montpellier,openfootball
1998,France,round-of-16,,1998-06-29,Netherlands,Yugoslavia,2,1,,,,Stade de Toulouse,Toulouse,openfootball
1998,France,round-of-16,,1998-06-30,Argentina,England,2,2,Y,4,3,Stade Geoffroy-Guichard,Saint-Étienne,openfootball
1998,France,round-of-16,,1998-06-30,Romania,Croatia,0,1,,,,Parc Lescure,Bordeaux,openfootball
1998,France,quarter-final,,1998-07-03,Italy,France,0,0,Y,3,4,Stade de France,Saint-Denis,openfootball
1998,France,quarter-final,,1998-07-03,Brazil,Denmark,3,2,,,,Stade de la Beaujoire,Nantes,openfootball
1998,France,quarter-final,,1998-07-04,Germany,Croatia,0,3,,,,Stade Gerland,Lyon,openfootball
1998,France,quarter-final,,1998-07-04,Netherlands,Argentina,2,1,,,,Stade Vélodrome,Marseille,openfootball
1998,France,semi-final,,1998-07-07,Brazil,Netherlands,1,1,Y,4,2,Stade Vélodrome,Marseille,openfootball
1998,France,semi-final,,1998-07-08,France,Croatia,2,1,,,,Stade de France,Saint-Denis,openfootball
1998,France,third-place,,1998-07-11,Netherlands,Croatia,1,2,,,,Parc des Princes,Paris,openfootball
1998,France,final,,1998-07-12,Brazil,France,0,3,,,,Stade de France,Saint-Denis,openfootball
2002,South Korea & Japan,group,A,2002-05-31,France,Senegal,0,1,,,,Seoul World Cup Stadium,Seoul,openfootball
2002,South Korea & Japan,group,A,2002-06-01,Uruguay,Denmark,1,2,,,,Munsu Cup Stadium,Ulsan,openfootball
2002,South Korea & Japan,group,A,2002-06-06,France,Uruguay,0,0,,,,Asiad Main Stadium,Busan,openfootball
2002,South Korea & Japan,group,A,2002-06-06,Denmark,Senegal,1,1,,,,Daegu World Cup Stadium,Daegu,openfootball
2002,South Korea & Japan,group,A,2002-06-11,Denmark,France,2,0,,,,Incheon Munhak Stadium,Incheon,openfootball
2002,South Korea & Japan,group,A,2002-06-11,Senegal,Uruguay,3,3,,,,Suwon World Cup Stadium,Suwon,openfootball
2002,South Korea & Japan,group,B,2002-06-02,Paraguay,South Africa,2,2,,,,Asiad Main Stadium,Busan,openfootball
2002,South Korea & Japan,group,B,2002-06-02,Spain,Slovenia,3,1,,,,Gwangju World Cup Stadium,Gwangju,openfootball
2002,South Korea & Japan,group,B,2002-06-07,Spain,Paraguay,3,1,,,,Jeonju World Cup Stadium,Jeonju,openfootball
2002,South Korea & Japan,group,B,2002-06-08,South Africa,Slovenia,1,0,,,,Daegu World Cup Stadium,Daegu,openfootball
2002,South Korea & Japan,group,B,2002-06-12,South Africa,Spain,2,3,,,,Daejeon World Cup Stadium,Daejeon,openfootball
2002,South Korea & Japan,group,B,2002-06-12,Slovenia,Paraguay,1,3,,,,Jeju World Cup Stadium,Jeju,openfootball
2002,South Korea & Japan,group,C,2002-06-03,Brazil,Turkey,2,1,,,,Munsu Cup Stadium,Ulsan,openfootball
2002,South Korea & Japan,group,C,2002-06-04,China,Costa Rica,0,2,,,,Gwangju World Cup Stadium,Gwangju,openfootball
2002,South Korea & Japan,group,C,2002-06-08,Brazil,China,4,0,,,,Jeju World Cup Stadium,Jeju,openfootball
2002,South Korea & Japan,group,C,2002-06-09,Costa Rica,Turkey,1,1,,,,Incheon Munhak Stadium,Incheon,openfootball
2002,South Korea & Japan,group,C,2002-06-13,Costa Rica,Brazil,2,5,,,,Suwon World Cup Stadium,Suwon,openfootball
2002,South Korea & Japan,group,C,2002-06-13,Turkey,China,3,0,,,,Seoul World Cup Stadium,Seoul,openfootball
2002,South Korea & Japan,group,D,2002-06-04,South Korea,Poland,2,0,,,,Asiad Main Stadium,Busan,openfootball
2002,South Korea & Japan,group,D,2002-06-05,USA,Portugal,3,2,,,,Suwon World Cup Stadium,Suwon,openfootball
2002,South Korea & Japan,group,D,2002-06-10,South Korea,USA,1,1,,,,Daegu World Cup Stadium,Daegu,openfootball
2002,South Korea & Japan,group,D,2002-06-10,Portugal,Poland,4,0,,,,Jeonju World Cup Stadium,Jeonju,openfootball
2002,South Korea & Japan,group,D,2002-06-14,Portugal,South Korea,0,1,,,,Incheon Munhak Stadium,Incheon,openfootball
2002,South Korea & Japan,group,D,2002-06-14,Poland,USA,3,1,,,,Daejeon World Cup Stadium,Daejeon,openfootball
2002,South Korea & Japan,group,E,2002-06-01,Ireland,Cameroon,1,1,,,,Niigata Stadium,Niigata,openfootball
2002,South Korea & Japan,group,E,2002-06-01,Germany,Saudi Arabia,8,0,,,,Sapporo Dome,Sapporo,openfootball
2002,South Korea & Japan,group,E,2002-06-05,Germany,Ireland,1,1,,,,Kashima Soccer Stadium,Ibaraki,openfootball
2002,South Korea & Japan,group,E,2002-06-06,Cameroon,Saudi Arabia,1,0,,,,Saitama Stadium,Saitama,openfootball
2002,South Korea & Japan,group,E,2002-06-11,Cameroon,Germany,0,2,,,,Shizuoka Stadium,Shizuoka,openfootball
2002,South Korea & Japan,group,E,2002-06-11,Saudi Arabia,Ireland,0,3,,,,International Stadium Yokohama,Yokohama,openfootball
2002,South Korea & Japan,group,F,2002-06-02,England,Sweden,1,1,,,,Saitama Stadium,Saitama,openfootball
2002,South Korea & Japan,group,F,2002-06-02,Argentina,Nigeria,1,0,,,,Kashima Soccer Stadium,Ibaraki,openfootball
2002,South Korea & Japan,group,F,2002-06-07,Sweden,Nigeria,2,1,,,,Kobe Wing Stadium,Kobe,openfootball
2002,South Korea & Japan,group,F,2002-06-07,Argentina,England,0,1,,,,Sapporo Dome,Sapporo,openfootball
2002,South Korea & Japan,group,F,2002-06-12,Sweden,Argentina,1,1,,,,Miyagi Stadium,Miyagi,openfootball
2002,South Korea & Japan,group,F,2002-06-12,Nigeria,England,0,0,,,,Nagai Stadium,Osaka,openfootball
2002,South Korea & Japan,group,G,2002-06-03,Croatia,Mexico,0,1,,,,Niigata Stadium,Niigata,openfootball
2002,South Korea & Japan,group,G,2002-06-03,Italy,Ecuador,2,0,,,,Sapporo Dome,Sapporo,openfootball
2002,South Korea & Japan,group,G,2002-06-08,Italy,Croatia,1,2,,,,Kashima Soccer Stadium,Ibaraki,openfootball
2002,South Korea & Japan,group,G,2002-06-09,Mexico,Ecuador,2,1,,,,Miyagi Stadium,Miyagi,openfootball
2002,South Korea & Japan,group,G,2002-06-13,Mexico,Italy,1,1,,,,Ōita Stadium,Ōita,openfootball
2002,South Korea & Japan,group,G,2002-06-13,Ecuador,Croatia,1,0,,,,International Stadium Yokohama,Yokohama,openfootball
2002,South Korea & Japan,group,H,2002-06-04,Japan,Belgium,2,2,,,,Saitama Stadium,Saitama,openfootball
2002,South Korea & Japan,group,H,2002-06-05,Russia,Tunisia,2,0,,,,Kobe Wing Stadium,Kobe,openfootball
2002,South Korea & Japan,group,H,2002-06-09,Japan,Russia,1,0,,,,International Stadium Yokohama,Yokohama,openfootball
2002,South Korea & Japan,group,H,2002-06-10,Tunisia,Belgium,1,1,,,,Ōita Stadium,Ōita,openfootball
2002,South Korea & Japan,group,H,2002-06-14,Tunisia,Japan,0,2,,,,Nagai Stadium,Osaka,openfootball
2002,South Korea & Japan,group,H,2002-06-14,Belgium,Russia,3,2,,,,Shizuoka Stadium,Shizuoka,openfootball
2002,South Korea & Japan,round-of-16,,2002-06-15,Germany,Paraguay,1,0,,,,Jeju World Cup Stadium,Jeju,openfootball
2002,South Korea & Japan,round-of-16,,2002-06-15,Denmark,England,0,3,,,,Niigata Stadium,Niigata,openfootball
2002,South Korea & Japan,round-of-16,,2002-06-16,Sweden,Senegal,1,2,Y,,,Ōita Stadium,Ōita,openfootball
2002,South Korea & Japan,round-of-16,,2002-06-16,Spain,Ireland,1,1,Y,3,2,Suwon World Cup Stadium,Suwon,openfootball
2002,South Korea & Japan,round-of-16,,2002-06-17,Mexico,USA,0,2,,,,Jeonju World Cup Stadium,Jeonju,openfootball
2002,South Korea & Japan,round-of-16,,2002-06-17,Brazil,Belgium,2,0,,,,Kobe Wing Stadium,Kobe,openfootball
2002,South Korea & Japan,round-of-16,,2002-06-18,Japan,Turkey,0,1,,,,Miyagi Stadium,Miyagi,openfootball
2002,South Korea & Japan,round-of-16,,2002-06-18,South Korea,Italy,2,1,Y,,,Daejeon World Cup Stadium,Daejeon,openfootball
2002,South Korea & Japan,quarter-final,,2002-06-21,England,Brazil,1,2,,,,Shizuoka Stadium,Shizuoka,openfootball
2002,South Korea & Japan,quarter-final,,2002-06-21,Germany,USA,1,0,,,,Munsu Cup Stadium,Ulsan,openfootball
2002,South Korea & Japan,quarter-final,,2002-06-22,Spain,South Korea,0,0,Y,3,5,Gwangju World Cup Stadium,Gwangju,openfootball
2002,South Korea & Japan,quarter-final,,2002-06-22,Senegal,Turkey,0,1,Y,,,Nagai Stadium,Osaka,openfootball
2002,South Korea & Japan,semi-final,,2002-06-25,Germany,South Korea,1,0,,,,Seoul World Cup Stadium,Seoul,openfootball
2002,South Korea & Japan,semi-final,,2002-06-26,Brazil,Turkey,1,0,,,,Saitama Stadium,Saitama,openfootball
2002,South Korea & Japan,third-place,,2002-06-29,South Korea,Turkey,2,3,,,,Daegu World Cup Stadium,Daegu,openfootball
2002,South Korea & Japan,final,,2002-06-30,Germany,Brazil,0,2,,,,International Stadium Yokohama,Yokohama,openfootball
2006,Germany,group,A,2006-06-09,Germany,Costa Rica,4,2,,,,Allianz Arena,München,openfootball
2006,Germany,group,A,2006-06-09,Poland,Ecuador,0,2,,,,Veltins-Arena,Gelsenkirchen,openfootball
2006,Germany,group,A,2006-06-14,Germany,Poland,1,0,,,,Signal Iduna Park,Dortmund,openfootball
2006,Germany,group,A,2006-06-15,Ecuador,Costa Rica,3,0,,,,AOL Arena,Hamburg,openfootball
2006,Germany,group,A,2006-06-20,Ecuador,Germany,0,3,,,,Olympiastadion,Berlin,openfootball
2006,Germany,group,A,2006-06-20,Costa Rica,Poland,1,2,,,,AWD-Arena,Hannover,openfootball
2006,Germany,group,B,2006-06-10,England,Paraguay,1,0,,,,Commerzbank-Arena,Frankfurt,openfootball
2006,Germany,group,B,2006-06-10,Trinidad and Tobago,Sweden,0,0,,,,Signal Iduna Park,Dortmund,openfootball
2006,Germany,group,B,2006-06-15,England,Trinidad and Tobago,2,0,,,,Frankenstadion,Nürnberg,openfootball
2006,Germany,group,B,2006-06-15,Sweden,Paraguay,1,0,,,,Olympiastadion,Berlin,openfootball
2006,Germany,group,B,2006-06-20,Sweden,England,2,2,,,,RheinEnergieStadion,Köln,openfootball
2006,Germany,group,B,2006-06-20,Paraguay,Trinidad and Tobago,2,0,,,,Fritz-Walter-Stadion,Kaiserslautern,openfootball
2006,Germany,group,C,2006-06-10,Argentina,Côte d'Ivoire,2,1,,,,AOL Arena,Hamburg,openfootball
2006,Germany,group,C,2006-06-11,Serbia and Montenegro,Netherlands,0,1,,,,Zentralstadion,Leipzig,openfootball
2006,Germany,group,C,2006-06-16,Argentina,Serbia and Montenegro,6,0,,,,Veltins-Arena,Gelsenkirchen,openfootball
2006,Germany,group,C,2006-06-16,Netherlands,Côte d'Ivoire,2,1,,,,Gottlieb-Daimler-Stadion,Stuttgart,openfootball
2006,Germany,group,C,2006-06-21,Netherlands,Argentina,0,0,,,,Commerzbank-Arena,Frankfurt,openfootball
2006,Germany,group,C,2006-06-21,Côte d'Ivoire,Serbia and Montenegro,3,2,,,,Allianz Arena,München,openfootball
2006,Germany,group,D,2006-06-11,Mexico,Iran,3,1,,,,Frankenstadion,Nürnberg,openfootball
2006,Germany,group,D,2006-06-11,Angola,Portugal,0,1,,,,RheinEnergieStadion,Köln,openfootball
2006,Germany,group,D,2006-06-16,Mexico,Angola,0,0,,,,AWD-Arena,Hannover,openfootball
2006,Germany,group,D,2006-06-17,Portugal,Iran,2,0,,,,Commerzbank-Arena,Frankfurt,openfootball
2006,Germany,group,D,2006-06-21,Portugal,Mexico,2,1,,,,Veltins-Arena,Gelsenkirchen,openfootball
2006,Germany,group,D,2006-06-21,Iran,Angola,1,1,,,,Zentralstadion,Leipzig,openfootball
2006,Germany,group,E,2006-06-12,Italy,Ghana,2,0,,,,AWD-Arena,Hannover,openfootball
2006,Germany,group,E,2006-06-12,USA,Czech Republic,0,3,,,,Veltins-Arena,Gelsenkirchen,openfootball
2006,Germany,group,E,2006-06-17,Italy,USA,1,1,,,,Fritz-Walter-Stadion,Kaiserslautern,openfootball
2006,Germany,group,E,2006-06-17,Czech Republic,Ghana,0,2,,,,RheinEnergieStadion,Köln,openfootball
2006,Germany,group,E,2006-06-22,Czech Republic,Italy,0,2,,,,AOL Arena,Hamburg,openfootball
2006,Germany,group,E,2006-06-22,Ghana,USA,2,1,,,,Frankenstadion,Nürnberg,openfootball
2006,Germany,group,F,2006-06-13,Brazil,Croatia,1,0,,,,Olympiastadion,Berlin,openfootball
2006,Germany,group,F,2006-06-12,Australia,Japan,3,1,,,,Fritz-Walter-Stadion,Kaiserslautern,openfootball
2006,Germany,group,F,2006-06-18,Brazil,Australia,2,0,,,,Allianz Arena,München,openfootball
2006,Germany,group,F,2006-06-18,Japan,Croatia,0,0,,,,Frankenstadion,Nürnberg,openfootball
2006,Germany,group,F,2006-06-22,Japan,Brazil,1,4,,,,Signal Iduna Park,Dortmund,openfootball
2006,Germany,group,F,2006-06-22,Croatia,Australia,2,2,,,,Gottlieb-Daimler-Stadion,Stuttgart,openfootball
2006,Germany,group,G,2006-06-13,France,Switzerland,0,0,,,,Gottlieb-Daimler-Stadion,Stuttgart,openfootball
2006,Germany,group,G,2006-06-13,South Korea,Togo,2,1,,,,Commerzbank-Arena,Frankfurt,openfootball
2006,Germany,group,G,2006-06-18,France,South Korea,1,1,,,,Zentralstadion,Leipzig,openfootball
2006,Germany,group,G,2006-06-19,Togo,Switzerland,0,2,,,,Signal Iduna Park,Dortmund,openfootball
2006,Germany,group,G,2006-06-23,Togo,France,0,2,,,,RheinEnergieStadion,Köln,openfootball
2006,Germany,group,G,2006-06-23,Switzerland,South Korea,2,0,,,,AWD-Arena,Hannover,openfootball
2006,Germany,group,H,2006-06-14,Spain,Ukraine,4,0,,,,Zentralstadion,Leipzig,openfootball
2006,Germany,group,H,2006-06-14,Tunisia,Saudi Arabia,2,2,,,,Allianz Arena,München,openfootball
2006,Germany,group,H,2006-06-19,Spain,Tunisia,3,1,,,,Gottlieb-Daimler-Stadion,Stuttgart,openfootball
2006,Germany,group,H,2006-06-19,Saudi Arabia,Ukraine,0,4,,,,AOL Arena,Hamburg,openfootball
2006,Germany,group,H,2006-06-23,Saudi Arabia,Spain,0,1,,,,Fritz-Walter-Stadion,Kaiserslautern,openfootball
2006,Germany,group,H,2006-06-23,Ukraine,Tunisia,1,0,,,,Olympiastadion,Berlin,openfootball
2006,Germany,round-of-16,,2006-06-24,Germany,Sweden,2,0,,,,Allianz Arena,München,openfootball
2006,Germany,round-of-16,,2006-06-24,Argentina,Mexico,2,1,Y,,,Zentralstadion,Leipzig,openfootball
2006,Germany,round-of-16,,2006-06-25,England,Ecuador,1,0,,,,Gottlieb-Daimler-Stadion,Stuttgart,openfootball
2006,Germany,round-of-16,,2006-06-25,Portugal,Netherlands,1,0,,,,Frankenstadion,Nürnberg,openfootball
2006,Germany,round-of-16,,2006-06-26,Italy,Australia,1,0,,,,Fritz-Walter-Stadion,Kaiserslautern,openfootball
2006,Germany,round-of-16,,2006-06-26,Switzerland,Ukraine,0,0,Y,0,3,RheinEnergieStadion,Köln,openfootball
2006,Germany,round-of-16,,2006-06-27,Brazil,Ghana,3,0,,,,Signal Iduna Park,Dortmund,openfootball
2006,Germany,round-of-16,,2006-06-27,Spain,France,1,3,,,,AWD-Arena,Hannover,openfootball
2006,Germany,quarter-final,,2006-06-30,Germany,Argentina,1,1,Y,4,2,Olympiastadion,Berlin,openfootball
2006,Germany,quarter-final,,2006-06-30,Italy,Ukraine,3,0,,,,AOL Arena,Hamburg,openfootball
2006,Germany,quarter-final,,2006-07-01,England,Portugal,0,0,Y,1,3,Veltins-Arena,Gelsenkirchen,openfootball
2006,Germany,quarter-final,,2006-07-01,Brazil,France,0,1,,,,Commerzbank-Arena,Frankfurt,openfootball
2006,Germany,semi-final,,2006-07-04,Germany,Italy,0,2,Y,,,Signal Iduna Park,Dortmund,openfootball
2006,Germany,semi-final,,2006-07-05,Portugal,France,0,1,,,,Allianz Arena,München,openfootball
2006,Germany,third-place,,2006-07-08,Germany,Portugal,3,1,,,,Gottlieb-Daimler-Stadion,Stuttgart,openfootball
2006,Germany,final,,2006-07-09,Italy,France,1,1,Y,5,3,Olympiastadion,Berlin,openfootball
2010,South Africa,group,A,2010-06-11,South Africa,Mexico,1,1,,,,Soccer City,Johannesburg,openfootball
2010,South Africa,group,A,2010-06-11,Uruguay,France,0,0,,,,Cape Town Stadium,Cape Town,openfootball
2010,South Africa,group,A,2010-06-16,South Africa,Uruguay,0,3,,,,Loftus Versfeld Stadium,Pretoria,openfootball
2010,South Africa,group,A,2010-06-17,France,Mexico,0,2,,,,Peter Mokaba Stadium,Polokwane,openfootball
2010,South Africa,group,A,2010-06-22,Mexico,Uruguay,0,1,,,,Royal Bafokeng Stadium,Rustenburg,openfootball
2010,South Africa,group,A,2010-06-22,France,South Africa,1,2,,,,Free State Stadium,Bloemfontein,openfootball
2010,South Africa,group,B,2010-06-12,South Korea,Greece,2,0,,,,Nelson Mandela Bay Stadium,Port Elizabeth,openfootball
2010,South Africa,group,B,2010-06-12,Argentina,Nigeria,1,0,,,,Ellis Park Stadium,Johannesburg,openfootball
2010,South Africa,group,B,2010-06-17,Argentina,South Korea,4,1,,,,Soccer City,Johannesburg,openfootball
2010,South Africa,group,B,2010-06-17,Greece,Nigeria,2,1,,,,Free State Stadium,Bloemfontein,openfootball
2010,South Africa,group,B,2010-06-22,Nigeria,South Korea,2,2,,,,Moses Mabhida Stadium,Durban,openfootball
2010,South Africa,group,B,2010-06-22,Greece,Argentina,0,2,,,,Peter Mokaba Stadium,Polokwane,openfootball
2010,South Africa,group,C,2010-06-12,England,USA,1,1,,,,Royal Bafokeng Stadium,Rustenburg,openfootball
2010,South Africa,group,C,2010-06-13,Algeria,Slovenia,0,1,,,,Peter Mokaba Stadium,Polokwane,openfootball
2010,South Africa,group,C,2010-06-18,Slovenia,USA,2,2,,,,Ellis Park Stadium,Johannesburg,openfootball
2010,South Africa,group,C,2010-06-18,England,Algeria,0,0,,,,Cape Town Stadium,Cape Town,openfootball
2010,South Africa,group,C,2010-06-23,USA,Algeria,1,0,,,,Loftus Versfeld Stadium,Pretoria,openfootball
2010,South Africa,group,C,2010-06-23,Slovenia,England,0,1,,,,Nelson Mandela Bay Stadium,Port Elizabeth,openfootball
2010,South Africa,group,D,2010-06-13,Serbia,Ghana,0,1,,,,Loftus Versfeld Stadium,Pretoria,openfootball
2010,South Africa,group,D,2010-06-13,Germany,Australia,4,0,,,,Moses Mabhida Stadium,Durban,openfootball
2010,South Africa,group,D,2010-06-18,Germany,Serbia,0,1,,,,Nelson Mandela Bay Stadium,Port Elizabeth,openfootball
2010,South Africa,group,D,2010-06-19,Ghana,Australia,1,1,,,,Royal Bafokeng Stadium,Rustenburg,openfootball
2010,South Africa,group,D,2010-06-23,Australia,Serbia,2,1,,,,Mbombela Stadium,Nelspruit,openfootball
2010,South Africa,group,D,2010-06-23,Ghana,Germany,0,1,,,,Soccer City,Johannesburg,openfootball
2010,South Africa,group,E,2010-06-14,Netherlands,Denmark,2,0,,,,Soccer City,Johannesburg,openfootball
2010,South Africa,group,E,2010-06-14,Japan,Cameroon,1,0,,,,Free State Stadium,Bloemfontein,openfootball
2010,South Africa,group,E,2010-06-19,Netherlands,Japan,1,0,,,,Moses Mabhida Stadium,Durban,openfootball
2010,South Africa,group,E,2010-06-19,Cameroon,Denmark,1,2,,,,Loftus Versfeld Stadium,Pretoria,openfootball
2010,South Africa,group,E,2010-06-24,Denmark,Japan,1,3,,,,Royal Bafokeng Stadium,Rustenburg,openfootball
2010,South Africa,group,E,2010-06-24,Cameroon,Netherlands,1,2,,,,Cape Town Stadium,Cape Town,openfootball
2010,South Africa,group,F,2010-06-14,Italy,Paraguay,1,1,,,,Cape Town Stadium,Cape Town,openfootball
2010,South Africa,group,F,2010-06-15,New Zealand,Slovakia,1,1,,,,Royal Bafokeng Stadium,Rustenburg,openfootball
2010,South Africa,group,F,2010-06-20,Slovakia,Paraguay,0,2,,,,Free State Stadium,Bloemfontein,openfootball
2010,South Africa,group,F,2010-06-20,Italy,New Zealand,1,1,,,,Mbombela Stadium,Nelspruit,openfootball
2010,South Africa,group,F,2010-06-24,Slovakia,Italy,3,2,,,,Ellis Park Stadium,Johannesburg,openfootball
2010,South Africa,group,F,2010-06-24,Paraguay,New Zealand,0,0,,,,Peter Mokaba Stadium,Polokwane,openfootball
2010,South Africa,group,G,2010-06-15,Côte d'Ivoire,Portugal,0,0,,,,Nelson Mandela Bay Stadium,Port Elizabeth,openfootball
2010,South Africa,group,G,2010-06-15,Brazil,North Korea,2,1,,,,Ellis Park Stadium,Johannesburg,openfootball
2010,South Africa,group,G,2010-06-20,Brazil,Côte d'Ivoire,3,1,,,,Soccer City,Johannesburg,openfootball
2010,South Africa,group,G,2010-06-21,Portugal,North Korea,7,0,,,,Cape Town Stadium,Cape Town,openfootball
2010,South Africa,group,G,2010-06-25,Portugal,Brazil,0,0,,,,Moses Mabhida Stadium,Durban,openfootball
2010,South Africa,group,G,2010-06-25,North Korea,Côte d'Ivoire,0,3,,,,Mbombela Stadium,Nelspruit,openfootball
2010,South Africa,group,H,2010-06-16,Honduras,Chile,0,1,,,,Mbombela Stadium,Nelspruit,openfootball
2010,South Africa,group,H,2010-06-16,Spain,Switzerland,0,1,,,,Moses Mabhida Stadium,Durban,openfootball
2010,South Africa,group,H,2010-06-21,Chile,Switzerland,1,0,,,,Nelson Mandela Bay Stadium,Port Elizabeth,openfootball
2010,South Africa,group,H,2010-06-21,Spain,Honduras,2,0,,,,Ellis Park Stadium,Johannesburg,openfootball
2010,South Africa,group,H,2010-06-25,Chile,Spain,1,2,,,,Loftus Versfeld Stadium,Pretoria,openfootball
2010,South Africa,group,H,2010-06-25,Switzerland,Honduras,0,0,,,,Free State Stadium,Bloemfontein,openfootball
2010,South Africa,round-of-16,,2010-06-26,Uruguay,South Korea,2,1,,,,Nelson Mandela Bay Stadium,Port Elizabeth,openfootball
2010,South Africa,round-of-16,,2010-06-26,USA,Ghana,1,2,Y,,,Royal Bafokeng Stadium,Rustenburg,openfootball
2010,South Africa,round-of-16,,2010-06-27,Germany,England,4,1,,,,Free State Stadium,Bloemfontein,openfootball
2010,South Africa,round-of-16,,2010-06-27,Argentina,Mexico,3,1,,,,Soccer City,Johannesburg,openfootball
2010,South Africa,round-of-16,,2010-06-28,Netherlands,Slovakia,2,1,,,,Moses Mabhida Stadium,Durban,openfootball
2010,South Africa,round-of-16,,2010-06-28,Brazil,Chile,3,0,,,,Ellis Park Stadium,Johannesburg,openfootball
2010,South Africa,round-of-16,,2010-06-29,Paraguay,Japan,0,0,Y,5,3,Loftus Versfeld Stadium,Pretoria,openfootball
2010,South Africa,round-of-16,,2010-06-29,Spain,Portugal,1,0,,,,Cape Town Stadium,Cape Town,openfootball
2010,South Africa,quarter-final,,2010-07-02,Netherlands,Brazil,2,1,,,,Nelson Mandela Bay Stadium,Port Elizabeth,openfootball
2010,South Africa,quarter-final,,2010-07-02,Uruguay,Ghana,1,1,Y,4,2,Soccer City,Johannesburg,openfootball
2010,South Africa,quarter-final,,2010-07-03,Argentina,Germany,0,4,,,,Cape Town Stadium,Cape Town,openfootball
2010,South Africa,quarter-final,,2010-07-03,Paraguay,Spain,0,1,,,,Ellis Park Stadium,Johannesburg,openfootball
2010,South Africa,semi-final,,2010-07-06,Uruguay,Netherlands,2,3,,,,Cape Town Stadium,Cape Town,openfootball
2010,South Africa,semi-final,,2010-07-07,Germany,Spain,0,1,,,,Moses Mabhida Stadium,Durban,openfootball
2010,South Africa,third-place,,2010-07-10,Uruguay,Germany,2,3,,,,Nelson Mandela Bay Stadium,Port Elizabeth,openfootball
2010,South Africa,final,,2010-07-11,Netherlands,Spain,0,1,Y,,,Soccer City,Johannesburg,openfootball
2014,Brazil,group,A,2014-06-12,Brazil,Croatia,3,1,,,,Arena de São Paulo,São Paulo,openfootball
2014,Brazil,group,A,2014-06-13,Mexico,Cameroon,1,0,,,,Estádio das Dunas,Natal,openfootball
2014,Brazil,group,A,2014-06-17,Brazil,Mexico,0,0,,,,Estádio Castelão,Fortaleza,openfootball
2014,Brazil,group,A,2014-06-18,Cameroon,Croatia,0,4,,,,Arena Amazônia,Manaus,openfootball
2014,Brazil,group,A,2014-06-23,Cameroon,Brazil,1,4,,,,Estádio Nacional Mané Garrincha,Brasília,openfootball
2014,Brazil,group,A,2014-06-23,Croatia,Mexico,1,3,,,,Arena Pernambuco,Recife,openfootball
2014,Brazil,group,B,2014-06-13,Spain,Netherlands,1,5,,,,Arena Fonte Nova,Salvador,openfootball
2014,Brazil,group,B,2014-06-13,Chile,Australia,3,1,,,,Arena Pantanal,Cuiabá,openfootball
2014,Brazil,group,B,2014-06-18,Australia,Netherlands,2,3,,,,Estádio Beira-Rio,Porto Alegre,openfootball
2014,Brazil,group,B,2014-06-18,Spain,Chile,0,2,,,,Estádio do Maracanã,Rio de Janeiro,openfootball
2014,Brazil,group,B,2014-06-23,Australia,Spain,0,3,,,,Arena da Baixada,Curitiba,openfootball
2014,Brazil,group,B,2014-06-23,Netherlands,Chile,2,0,,,,Arena de São Paulo,São Paulo,openfootball
2014,Brazil,group,C,2014-06-14,Colombia,Greece,3,0,,,,Estádio Mineirão,Belo Horizonte,openfootball
2014,Brazil,group,C,2014-06-14,Côte d'Ivoire,Japan,2,1,,,,Arena Pernambuco,Recife,openfootball
2014,Brazil,group,C,2014-06-19,Colombia,Côte d'Ivoire,2,1,,,,Estádio Nacional Mané Garrincha,Brasília,openfootball
2014,Brazil,group,C,2014-06-19,Japan,Greece,0,0,,,,Estádio das Dunas,Natal,openfootball
2014,Brazil,group,C,2014-06-24,Japan,Colombia,1,4,,,,Arena Pantanal,Cuiabá,openfootball
2014,Brazil,group,C,2014-06-24,Greece,Côte d'Ivoire,2,1,,,,Estádio Castelão,Fortaleza,openfootball
2014,Brazil,group,D,2014-06-14,Uruguay,Costa Rica,1,3,,,,Estádio Castelão,Fortaleza,openfootball
2014,Brazil,group,D,2014-06-14,England,Italy,1,2,,,,Arena Amazônia,Manaus,openfootball
2014,Brazil,group,D,2014-06-19,Uruguay,England,2,1,,,,Arena de São Paulo,São Paulo,openfootball
2014,Brazil,group,D,2014-06-20,Italy,Costa Rica,0,1,,,,Arena Pernambuco,Recife,openfootball
2014,Brazil,group,D,2014-06-24,Italy,Uruguay,0,1,,,,Estádio das Dunas,Natal,openfootball
2014,Brazil,group,D,2014-06-24,Costa Rica,England,0,0,,,,Estádio Mineirão,Belo Horizonte,openfootball
2014,Brazil,group,E,2014-06-15,Switzerland,Ecuador,2,1,,,,Estádio Nacional Mané Garrincha,Brasília,openfootball
2014,Brazil,group,E,2014-06-15,France,Honduras,3,0,,,,Estádio Beira-Rio,Porto Alegre,openfootball
2014,Brazil,group,E,2014-06-20,Switzerland,France,2,5,,,,Arena Fonte Nova,Salvador,openfootball
2014,Brazil,group,E,2014-06-20,Honduras,Ecuador,1,2,,,,Arena da Baixada,Curitiba,openfootball
2014,Brazil,group,E,2014-06-25,Honduras,Switzerland,0,3,,,,Arena Amazônia,Manaus,openfootball
2014,Brazil,group,E,2014-06-25,Ecuador,France,0,0,,,,Estádio do Maracanã,Rio de Janeiro,openfootball
2014,Brazil,group,F,2014-06-15,Argentina,Bosnia-Herzegovina,2,1,,,,Estádio do Maracanã,Rio de Janeiro,openfootball
2014,Brazil,group,F,2014-06-16,Iran,Nigeria,0,0,,,,Arena da Baixada,Curitiba,openfootball
2014,Brazil,group,F,2014-06-21,Argentina,Iran,1,0,,,,Estádio Mineirão,Belo Horizonte,openfootball
2014,Brazil,group,F,2014-06-21,Nigeria,Bosnia-Herzegovina,1,0,,,,Arena Pantanal,Cuiabá,openfootball
2014,Brazil,group,F,2014-06-25,Nigeria,Argentina,2,3,,,,Estádio Beira-Rio,Porto Alegre,openfootball
2014,Brazil,group,F,2014-06-25,Bosnia-Herzegovina,Iran,3,1,,,,Arena Fonte Nova,Salvador,openfootball
2014,Brazil,group,G,2014-06-16,Germany,Portugal,4,0,,,,Arena Fonte Nova,Salvador,openfootball
2014,Brazil,group,G,2014-06-16,Ghana,USA,1,2,,,,Estádio das Dunas,Natal,openfootball
2014,Brazil,group,G,2014-06-21,Germany,Ghana,2,2,,,,Estádio Castelão,Fortaleza,openfootball
2014,Brazil,group,G,2014-06-22,USA,Portugal,2,2,,,,Arena Amazônia,Manaus,openfootball
2014,Brazil,group,G,2014-06-26,USA,Germany,0,1,,,,Arena Pernambuco,Recife,openfootball
2014,Brazil,group,G,2014-06-26,Portugal,Ghana,2,1,,,,Estádio Nacional Mané Garrincha,Brasília,openfootball
2014,Brazil,group,H,2014-06-17,Belgium,Algeria,2,1,,,,Estádio Mineirão,Belo Horizonte,openfootball
2014,Brazil,group,H,2014-06-17,Russia,South Korea,1,1,,,,Arena Pantanal,Cuiabá,openfootball
2014,Brazil,group,H,2014-06-22,Belgium,Russia,1,0,,,,Estádio do Maracanã,Rio de Janeiro,openfootball
2014,Brazil,group,H,2014-06-22,South Korea,Algeria,2,4,,,,Estádio Beira-Rio,Porto Alegre,openfootball
2014,Brazil,group,H,2014-06-26,South Korea,Belgium,0,1,,,,Arena de São Paulo,São Paulo,openfootball
2014,Brazil,group,H,2014-06-26,Algeria,Russia,1,1,,,,Arena da Baixada,Curitiba,openfootball
2014,Brazil,round-of-16,,2014-06-28,Brazil,Chile,1,1,Y,3,2,Estádio Mineirão,Belo Horizonte,openfootball
2014,Brazil,round-of-16,,2014-06-28,Colombia,Uruguay,2,0,,,,Estádio do Maracanã,Rio de Janeiro,openfootball
2014,Brazil,round-of-16,,2014-06-29,Netherlands,Mexico,2,1,,,,Estádio Castelão,Fortaleza,openfootball
2014,Brazil,round-of-16,,2014-06-29,Costa Rica,Greece,1,1,Y,5,3,Arena Pernambuco,Recife,openfootball
2014,Brazil,round-of-16,,2014-06-30,France,Nigeria,2,0,,,,Estádio Nacional Mané Garrincha,Brasília,openfootball
2014,Brazil,round-of-16,,2014-06-30,Germany,Algeria,2,1,Y,,,Estádio Beira-Rio,Porto Alegre,openfootball
2014,Brazil,round-of-16,,2014-07-01,Argentina,Switzerland,1,0,Y,,,Arena de São Paulo,São Paulo,openfootball
2014,Brazil,round-of-16,,2014-07-01,Belgium,USA,2,1,Y,,,Arena Fonte Nova,Salvador,openfootball
2014,Brazil,quarter-final,,2014-07-04,France,Germany,0,1,,,,Estádio do Maracanã,Rio de Janeiro,openfootball
2014,Brazil,quarter-final,,2014-07-04,Brazil,Colombia,2,1,,,,Estádio Castelão,Fortaleza,openfootball
2014,Brazil,quarter-final,,2014-07-05,Argentina,Belgium,1,0,,,,Estádio Nacional Mané Garrincha,Brasília,openfootball
2014,Brazil,quarter-final,,2014-07-05,Netherlands,Costa Rica,0,0,Y,4,3,Arena Fonte Nova,Salvador,openfootball
2014,Brazil,semi-final,,2014-07-08,Brazil,Germany,1,7,,,,Estádio Mineirão,Belo Horizonte,openfootball
2014,Brazil,semi-final,,2014-07-09,Netherlands,Argentina,0,0,Y,2,4,Arena de São Paulo,São Paulo,openfootball
2014,Brazil,third-place,,2014-07-12,Brazil,Netherlands,0,3,,,,Estádio Nacional Mané Garrincha,Brasília,openfootball
2014,Brazil,final,,2014-07-13,Germany,Argentina,1,0,Y,,,Estádio do Maracanã,Rio de Janeiro,openfootball
2018,Russia,group,A,2018-06-14,Russia,Saudi Arabia,5,0,,,,Luzhniki Stadium,Moscow,openfootball
2018,Russia,group,A,2018-06-15,Egypt,Uruguay,0,1,,,,Ekaterinburg Arena,Ekaterinburg,openfootball
2018,Russia,group,A,2018-06-19,Russia,Egypt,3,1,,,,Saint Petersburg Stadium,Saint Petersburg,openfootball
2018,Russia,group,A,2018-06-20,Uruguay,Saudi Arabia,1,0,,,,Rostov Arena,Rostov-on-Don,openfootball
2018,Russia,group,A,2018-06-25,Uruguay,Russia,3,0,,,,Samara Arena,Samara,openfootball
2018,Russia,group,A,2018-06-25,Saudi Arabia,Egypt,2,1,,,,Volgograd Arena,Volgograd,openfootball
2018,Russia,group,B,2018-06-15,Morocco,Iran,0,1,,,,Saint Petersburg Stadium,Saint Petersburg,openfootball
2018,Russia,group,B,2018-06-15,Portugal,Spain,3,3,,,,Fisht Stadium,Sochi,openfootball
2018,Russia,group,B,2018-06-20,Portugal,Morocco,1,0,,,,Luzhniki Stadium,Moscow,openfootball
2018,Russia,group,B,2018-06-20,Iran,Spain,0,1,,,,Kazan Arena,Kazan,openfootball
2018,Russia,group,B,2018-06-25,Iran,Portugal,1,1,,,,Mordovia Arena,Saransk,openfootball
2018,Russia,group,B,2018-06-25,Spain,Morocco,2,2,,,,Kaliningrad Stadium,Kaliningrad,openfootball
2018,Russia,group,C,2018-06-16,France,Australia,2,1,,,,Kazan Arena,Kazan,openfootball
2018,Russia,group,C,2018-06-16,Peru,Denmark,0,1,,,,Mordovia Arena,Saransk,openfootball
2018,Russia,group,C,2018-06-21,Denmark,Australia,1,1,,,,Samara Arena,Samara,openfootball
2018,Russia,group,C,2018-06-21,France,Peru,1,0,,,,Ekaterinburg Arena,Ekaterinburg,openfootball
2018,Russia,group,C,2018-06-26,Denmark,France,0,0,,,,Luzhniki Stadium,Moscow,openfootball
2018,Russia,group,C,2018-06-26,Australia,Peru,0,2,,,,Fisht Stadium,Sochi,openfootball
2018,Russia,group,D,2018-06-16,Argentina,Iceland,1,1,,,,Spartak Stadium,Moscow,openfootball
2018,Russia,group,D,2018-06-16,Croatia,Nigeria,2,0,,,,Kaliningrad Stadium,Kaliningrad,openfootball
2018,Russia,group,D,2018-06-21,Argentina,Croatia,0,3,,,,Nizhny Novgorod Stadium,Nizhny Novgorod,openfootball
2018,Russia,group,D,2018-06-22,Nigeria,Iceland,2,0,,,,Volgograd Arena,Volgograd,openfootball
2018,Russia,group,D,2018-06-26,Nigeria,Argentina,1,2,,,,Saint Petersburg Stadium,Saint Petersburg,openfootball
2018,Russia,group,D,2018-06-26,Iceland,Croatia,1,2,,,,Rostov Arena,Rostov-on-Don,openfootball
2018,Russia,group,E,2018-06-17,Costa Rica,Serbia,0,1,,,,Samara Arena,Samara,openfootball
2018,Russia,group,E,2018-06-17,Brazil,Switzerland,1,1,,,,Rostov Arena,Rostov-on-Don,openfootball
2018,Russia,group,E,2018-06-22,Brazil,Costa Rica,2,0,,,,Saint Petersburg Stadium,Saint Petersburg,openfootball
2018,Russia,group,E,2018-06-22,Serbia,Switzerland,1,2,,,,Kaliningrad Stadium,Kaliningrad,openfootball
2018,Russia,group,E,2018-06-27,Serbia,Brazil,0,2,,,,Spartak Stadium,Moscow,openfootball
2018,Russia,group,E,2018-06-27,Switzerland,Costa Rica,2,2,,,,Nizhny Novgorod Stadium,Nizhny Novgorod,openfootball
2018,Russia,group,F,2018-06-17,Germany,Mexico,0,1,,,,Luzhniki Stadium,Moscow,openfootball
2018,Russia,group,F,2018-06-18,Sweden,South Korea,1,0,,,,Nizhny Novgorod Stadium,Nizhny Novgorod,openfootball
2018,Russia,group,F,2018-06-23,South Korea,Mexico,1,2,,,,Rostov Arena,Rostov-on-Don,openfootball
2018,Russia,group,F,2018-06-23,Germany,Sweden,2,1,,,,Fisht Stadium,Sochi,openfootball
2018,Russia,group,F,2018-06-27,South Korea,Germany,2,0,,,,Kazan Arena,Kazan,openfootball
2018,Russia,group,F,2018-06-27,Mexico,Sweden,0,3,,,,Ekaterinburg Arena,Ekaterinburg,openfootball
2018,Russia,group,G,2018-06-18,Belgium,Panama,3,0,,,,Fisht Stadium,Sochi,openfootball
2018,Russia,group,G,2018-06-18,Tunisia,England,1,2,,,,Volgograd Arena,Volgograd,openfootball
2018,Russia,group,G,2018-06-23,Belgium,Tunisia,5,2,,,,Spartak Stadium,Moscow,openfootball
2018,Russia,group,G,2018-06-24,England,Panama,6,1,,,,Nizhny Novgorod Stadium,Nizhny Novgorod,openfootball
2018,Russia,group,G,2018-06-28,England,Belgium,0,1,,,,Kaliningrad Stadium,Kaliningrad,openfootball
2018,Russia,group,G,2018-06-28,Panama,Tunisia,1,2,,,,Mordovia Arena,Saransk,openfootball
2018,Russia,group,H,2018-06-19,Colombia,Japan,1,2,,,,Mordovia Arena,Saransk,openfootball
2018,Russia,group,H,2018-06-19,Poland,Senegal,1,2,,,,Spartak Stadium,Moscow,openfootball
2018,Russia,group,H,2018-06-24,Japan,Senegal,2,2,,,,Ekaterinburg Arena,Ekaterinburg,openfootball
2018,Russia,group,H,2018-06-24,Poland,Colombia,0,3,,,,Kazan Arena,Kazan,openfootball
2018,Russia,group,H,2018-06-28,Japan,Poland,0,1,,,,Volgograd Arena,Volgograd,openfootball
2018,Russia,group,H,2018-06-28,Senegal,Colombia,0,1,,,,Samara Arena,Samara,openfootball
2018,Russia,round-of-16,,2018-06-30,France,Argentina,4,3,,,,Kazan Arena,Kazan,openfootball
2018,Russia,round-of-16,,2018-06-30,Uruguay,Portugal,2,1,,,,Fisht Stadium,Sochi,openfootball
2018,Russia,round-of-16,,2018-07-01,Spain,Russia,1,1,Y,3,4,Luzhniki Stadium,Moscow,openfootball
2018,Russia,round-of-16,,2018-07-01,Croatia,Denmark,1,1,Y,3,2,Nizhny Novgorod Stadium,Nizhny Novgorod,openfootball
2018,Russia,round-of-16,,2018-07-02,Brazil,Mexico,2,0,,,,Samara Arena,Samara,openfootball
2018,Russia,round-of-16,,2018-07-02,Belgium,Japan,3,2,,,,Rostov Arena,Rostov-on-Don,openfootball
2018,Russia,round-of-16,,2018-07-03,Sweden,Switzerland,1,0,,,,Saint Petersburg Stadium,Saint Petersburg,openfootball
2018,Russia,round-of-16,,2018-07-03,Colombia,England,1,1,Y,3,4,Spartak Stadium,Moscow,openfootball
2018,Russia,quarter-final,,2018-07-06,Uruguay,France,0,2,,,,Nizhny Novgorod Stadium,Nizhny Novgorod,openfootball
2018,Russia,quarter-final,,2018-07-06,Brazil,Belgium,1,2,,,,Kazan Arena,Kazan,openfootball
2018,Russia,quarter-final,,2018-07-07,Sweden,England,0,2,,,,Samara Arena,Samara,openfootball
2018,Russia,quarter-final,,2018-07-07,Russia,Croatia,2,2,Y,3,4,Fisht Stadium,Sochi,openfootball
2018,Russia,semi-final,,2018-07-10,France,Belgium,1,0,,,,Saint Petersburg Stadium,St. Petersburg,openfootball
2018,Russia,semi-final,,2018-07-11,Croatia,England,2,1,Y,,,Luzhniki Stadium,Moscow,openfootball
2018,Russia,third-place,,2018-07-14,Belgium,England,2,0,,,,Saint Petersburg Stadium,St. Petersburg,openfootball
2018,Russia,final,,2018-07-15,France,Croatia,4,2,,,,Luzhniki Stadium,Moscow,openfootball
2022,Qatar,group,A,2022-11-20,Qatar,Ecuador,0,2,,,,Al Bayt Stadium,Al Khor,openfootball
2022,Qatar,group,A,2022-11-21,Senegal,Netherlands,0,2,,,,Al Thumama Stadium,Doha,openfootball
2022,Qatar,group,A,2022-11-25,Qatar,Senegal,1,3,,,,Al Thumama Stadium,Doha,openfootball
2022,Qatar,group,A,2022-11-25,Netherlands,Ecuador,1,1,,,,Khalifa International Stadium,Al Rayyan,openfootball
2022,Qatar,group,A,2022-11-29,Ecuador,Senegal,1,2,,,,Khalifa International Stadium,Al Rayyan,openfootball
2022,Qatar,group,A,2022-11-29,Netherlands,Qatar,2,0,,,,Al Bayt Stadium,Al Khor,openfootball
2022,Qatar,group,B,2022-11-21,England,Iran,6,2,,,,Khalifa International Stadium,Al Rayyan,openfootball
2022,Qatar,group,B,2022-11-21,USA,Wales,1,1,,,,Ahmad bin Ali Stadium,Al Rayyan,openfootball
2022,Qatar,group,B,2022-11-25,Wales,Iran,0,2,,,,Ahmad bin Ali Stadium,Al Rayyan,openfootball
2022,Qatar,group,B,2022-11-25,England,USA,0,0,,,,Al Bayt Stadium,Al Khor,openfootball
2022,Qatar,group,B,2022-11-29,Wales,England,0,3,,,,Ahmad bin Ali Stadium,Al Rayyan,openfootball
2022,Qatar,group,B,2022-11-29,Iran,USA,0,1,,,,Al Thumama Stadium,Doha,openfootball
2022,Qatar,group,C,2022-11-22,Argentina,Saudi Arabia,1,2,,,,Lusail Iconic Stadium,Lusail,openfootball
2022,Qatar,group,C,2022-11-22,Mexico,Poland,0,0,,,,Stadium 974,Doha,openfootball
2022,Qatar,group,C,2022-11-26,Poland,Saudi Arabia,2,0,,,,Education City Stadium,Al Rayyan,openfootball
2022,Qatar,group,C,2022-11-26,Argentina,Mexico,2,0,,,,Lusail Iconic Stadium,Lusail,openfootball
2022,Qatar,group,C,2022-11-30,Poland,Argentina,0,2,,,,Stadium 974,Doha,openfootball
2022,Qatar,group,C,2022-11-30,Saudi Arabia,Mexico,1,2,,,,Lusail Iconic Stadium,Lusail,openfootball
2022,Qatar,group,D,2022-11-22,Denmark,Tunisia,0,0,,,,Education City Stadium,Al Rayyan,openfootball
2022,Qatar,group,D,2022-11-22,France,Australia,4,1,,,,Al Janoub Stadium,Al Wakrah,openfootball
2022,Qatar,group,D,2022-11-26,Tunisia,Australia,0,1,,,,Al Janoub Stadium,Al Wakrah,openfootball
2022,Qatar,group,D,2022-11-26,France,Denmark,2,1,,,,Stadium 974,Doha,openfootball
2022,Qatar,group,D,2022-11-30,Australia,Denmark,1,0,,,,Al Janoub Stadium,Al Wakrah,openfootball
2022,Qatar,group,D,2022-11-30,Tunisia,France,1,0,,,,Education City Stadium,Al Rayyan,openfootball
2022,Qatar,group,E,2022-11-23,Germany,Japan,1,2,,,,Khalifa International Stadium,Al Rayyan,openfootball
2022,Qatar,group,E,2022-11-23,Spain,Costa Rica,7,0,,,,Al Thumama Stadium,Doha,openfootball
2022,Qatar,group,E,2022-11-27,Japan,Costa Rica,0,1,,,,Ahmad bin Ali Stadium,Al Rayyan,openfootball
2022,Qatar,group,E,2022-11-27,Spain,Germany,1,1,,,,Al Bayt Stadium,Al Khor,openfootball
2022,Qatar,group,E,2022-12-01,Japan,Spain,2,1,,,,Khalifa International Stadium,Al Rayyan,openfootball
2022,Qatar,group,E,2022-12-01,Costa Rica,Germany,2,4,,,,Al Bayt Stadium,Al Khor,openfootball
2022,Qatar,group,F,2022-11-23,Morocco,Croatia,0,0,,,,Al Bayt Stadium,Al Khor,openfootball
2022,Qatar,group,F,2022-11-23,Belgium,Canada,1,0,,,,Ahmad bin Ali Stadium,Al Rayyan,openfootball
2022,Qatar,group,F,2022-11-27,Belgium,Morocco,0,2,,,,Al Thumama Stadium,Doha,openfootball
2022,Qatar,group,F,2022-11-27,Croatia,Canada,4,1,,,,Khalifa International Stadium,Al Rayyan,openfootball
2022,Qatar,group,F,2022-12-01,Croatia,Belgium,0,0,,,,Ahmad bin Ali Stadium,Al Rayyan,openfootball
2022,Qatar,group,F,2022-12-01,Canada,Morocco,1,2,,,,Al Thumama Stadium,Doha,openfootball
2022,Qatar,group,G,2022-11-24,Switzerland,Cameroon,1,0,,,,Al Janoub Stadium,Al Wakrah,openfootball
2022,Qatar,group,G,2022-11-24,Brazil,Serbia,2,0,,,,Lusail Iconic Stadium,Lusail,openfootball
2022,Qatar,group,G,2022-11-28,Cameroon,Serbia,3,3,,,,Al Janoub Stadium,Al Wakrah,openfootball
2022,Qatar,group,G,2022-11-28,Brazil,Switzerland,1,0,,,,Stadium 974,Doha,openfootball
2022,Qatar,group,G,2022-12-02,Serbia,Switzerland,2,3,,,,Stadium 974,Doha,openfootball
2022,Qatar,group,G,2022-12-02,Cameroon,Brazil,1,0,,,,Lusail Iconic Stadium,Lusail,openfootball
2022,Qatar,group,H,2022-11-24,Uruguay,South Korea,0,0,,,,Education City Stadium,Al Rayyan,openfootball
2022,Qatar,group,H,2022-11-24,Portugal,Ghana,3,2,,,,Stadium 974,Doha,openfootball
2022,Qatar,group,H,2022-11-28,South Korea,Ghana,2,3,,,,Education City Stadium,Al Rayyan,openfootball
2022,Qatar,group,H,2022-11-28,Portugal,Uruguay,2,0,,,,Lusail Iconic Stadium,Lusail,openfootball
2022,Qatar,group,H,2022-12-02,Ghana,Uruguay,0,2,,,,Al Janoub Stadium,Al Wakrah,openfootball
2022,Qatar,group,H,2022-12-02,South Korea,Portugal,2,1,,,,Lusail Iconic Stadium,Lusail,openfootball
2022,Qatar,round-of-16,,2022-12-03,Netherlands,USA,3,1,,,,Khalifa International Stadium,Al Rayyan,openfootball
2022,Qatar,round-of-16,,2022-12-03,Argentina,Australia,2,1,,,,Ahmad bin Ali Stadium,Al Rayyan,openfootball
2022,Qatar,round-of-16,,2022-12-04,France,Poland,3,1,,,,Al Thumama Stadium,Doha,openfootball
2022,Qatar,round-of-16,,2022-12-04,England,Senegal,3,0,,,,Al Bayt Stadium,Al Khor,openfootball
2022,Qatar,round-of-16,,2022-12-05,Japan,Croatia,1,1,Y,1,3,Al Janoub Stadium,Al Wakrah,openfootball
2022,Qatar,round-of-16,,2022-12-05,Brazil,South Korea,4,1,,,,Stadium 974,Doha,openfootball
2022,Qatar,round-of-16,,2022-12-06,Morocco,Spain,0,0,Y,3,0,Education City Stadium,Al Rayyan,openfootball
2022,Qatar,round-of-16,,2022-12-06,Portugal,Switzerland,6,1,,,,Lusail Iconic Stadium,Lusail,openfootball
2022,Qatar,quarter-final,,2022-12-09,Croatia,Brazil,1,1,Y,4,2,Education City Stadium,Al Rayyan,openfootball
2022,Qatar,quarter-final,,2022-12-09,Netherlands,Argentina,2,2,Y,3,4,Lusail Iconic Stadium,Lusail,openfootball
2022,Qatar,quarter-final,,2022-12-10,Morocco,Portugal,1,0,,,,Al Thumama Stadium,Doha,openfootball
2022,Qatar,quarter-final,,2022-12-10,England,France,1,2,,,,Al Bayt Stadium,Al Khor,openfootball
2022,Qatar,semi-final,,2022-12-13,Argentina,Croatia,3,0,,,,Lusail Iconic Stadium,Lusail,openfootball
2022,Qatar,semi-final,,2022-12-14,France,Morocco,2,0,,,,Al Bayt Stadium,Al Khor,openfootball
2022,Qatar,third-place,,2022-12-17,Croatia,Morocco,2,1,,,,Khalifa International Stadium,Al Rayyan,openfootball
2022,Qatar,final,,2022-12-18,Argentina,France,3,3,Y,4,2,Lusail Iconic Stadium,Lusail,openfootball
